{
  "type": "FeatureCollection",
  "features": [
    {
      "type": "Feature",
      "geometry": {
        "type": "Polygon",
        "coordinates": [
          [
            [
              88.355,
              27.015
            ],
            [
              88.425,
              27.015
            ],
            [
              88.425,
              27.085
            ],
            [
              88.355,
              27.085
            ],
            [
              88.355,
              27.015
            ]
          ]
        ]
      },
      "properties": {
        "id": "z-sikkim-nh10-00",
        "name": "NH-10 Sikkim corridor cell -2,-2",
        "corridor_id": "sikkim-nh10",
        "state": "Sikkim",
        "district": "East Sikkim",
        "lon": 88.39,
        "lat": 27.05,
        "slope_class": 3,
        "elevation_m": 1183,
        "soil_moisture": 0.467,
        "dist_drainage_km": 3.1,
        "lithology_proxy": 0.708,
        "prior_landslide_density": 0.737,
        "ndvi_proxy": 0.391,
        "inhabited": false,
        "highway": false
      }
    },
    {
      "type": "Feature",
      "geometry": {
        "type": "Polygon",
        "coordinates": [
          [
            [
              88.355,
              27.075000000000003
            ],
            [
              88.425,
              27.075000000000003
            ],
            [
              88.425,
              27.145000000000003
            ],
            [
              88.355,
              27.145000000000003
            ],
            [
              88.355,
              27.075000000000003
            ]
          ]
        ]
      },
      "properties": {
        "id": "z-sikkim-nh10-01",
        "name": "NH-10 Sikkim corridor cell -2,-1",
        "corridor_id": "sikkim-nh10",
        "state": "Sikkim",
        "district": "East Sikkim",
        "lon": 88.39,
        "lat": 27.11,
        "slope_class": 3,
        "elevation_m": 1335,
        "soil_moisture": 0.434,
        "dist_drainage_km": 2.37,
        "lithology_proxy": 0.724,
        "prior_landslide_density": 1.116,
        "ndvi_proxy": 0.552,
        "inhabited": true,
        "highway": false
      }
    },
    {
      "type": "Feature",
      "geometry": {
        "type": "Polygon",
        "coordinates": [
          [
            [
              88.355,
              27.135
            ],
            [
              88.425,
              27.135
            ],
            [
              88.425,
              27.205000000000002
            ],
            [
              88.355,
              27.205000000000002
            ],
            [
              88.355,
              27.135
            ]
          ]
        ]
      },
      "properties": {
        "id": "z-sikkim-nh10-02",
        "name": "NH-10 Sikkim corridor cell -2,+0",
        "corridor_id": "sikkim-nh10",
        "state": "Sikkim",
        "district": "East Sikkim",
        "lon": 88.39,
        "lat": 27.17,
        "slope_class": 3,
        "elevation_m": 1411,
        "soil_moisture": 0.527,
        "dist_drainage_km": 1.68,
        "lithology_proxy": 0.789,
        "prior_landslide_density": 1.338,
        "ndvi_proxy": 0.438,
        "inhabited": true,
        "highway": false
      }
    },
    {
      "type": "Feature",
      "geometry": {
        "type": "Polygon",
        "coordinates": [
          [
            [
              88.355,
              27.195
            ],
            [
              88.425,
              27.195
            ],
            [
              88.425,
              27.265
            ],
            [
              88.355,
              27.265
            ],
            [
              88.355,
              27.195
            ]
          ]
        ]
      },
      "properties": {
        "id": "z-sikkim-nh10-03",
        "name": "NH-10 Sikkim corridor cell -2,+1",
        "corridor_id": "sikkim-nh10",
        "state": "Sikkim",
        "district": "East Sikkim",
        "lon": 88.39,
        "lat": 27.23,
        "slope_class": 4,
        "elevation_m": 1523,
        "soil_moisture": 0.604,
        "dist_drainage_km": 2.55,
        "lithology_proxy": 0.712,
        "prior_landslide_density": 1.112,
        "ndvi_proxy": 0.519,
        "inhabited": true,
        "highway": false
      }
    },
    {
      "type": "Feature",
      "geometry": {
        "type": "Polygon",
        "coordinates": [
          [
            [
              88.355,
              27.255000000000003
            ],
            [
              88.425,
              27.255000000000003
            ],
            [
              88.425,
              27.325000000000003
            ],
            [
              88.355,
              27.325000000000003
            ],
            [
              88.355,
              27.255000000000003
            ]
          ]
        ]
      },
      "properties": {
        "id": "z-sikkim-nh10-04",
        "name": "NH-10 Sikkim corridor cell -2,+2",
        "corridor_id": "sikkim-nh10",
        "state": "Sikkim",
        "district": "East Sikkim",
        "lon": 88.39,
        "lat": 27.29,
        "slope_class": 4,
        "elevation_m": 1519,
        "soil_moisture": 0.605,
        "dist_drainage_km": 2.89,
        "lithology_proxy": 0.7,
        "prior_landslide_density": 0.855,
        "ndvi_proxy": 0.502,
        "inhabited": false,
        "highway": false
      }
    },
    {
      "type": "Feature",
      "geometry": {
        "type": "Polygon",
        "coordinates": [
          [
            [
              88.42500000000001,
              27.015
            ],
            [
              88.495,
              27.015
            ],
            [
              88.495,
              27.085
            ],
            [
              88.42500000000001,
              27.085
            ],
            [
              88.42500000000001,
              27.015
            ]
          ]
        ]
      },
      "properties": {
        "id": "z-sikkim-nh10-10",
        "name": "NH-10 Sikkim corridor cell -1,-2",
        "corridor_id": "sikkim-nh10",
        "state": "Sikkim",
        "district": "East Sikkim",
        "lon": 88.46,
        "lat": 27.05,
        "slope_class": 4,
        "elevation_m": 1288,
        "soil_moisture": 0.53,
        "dist_drainage_km": 2.14,
        "lithology_proxy": 0.689,
        "prior_landslide_density": 0.854,
        "ndvi_proxy": 0.534,
        "inhabited": true,
        "highway": false
      }
    },
    {
      "type": "Feature",
      "geometry": {
        "type": "Polygon",
        "coordinates": [
          [
            [
              88.42500000000001,
              27.075000000000003
            ],
            [
              88.495,
              27.075000000000003
            ],
            [
              88.495,
              27.145000000000003
            ],
            [
              88.42500000000001,
              27.145000000000003
            ],
            [
              88.42500000000001,
              27.075000000000003
            ]
          ]
        ]
      },
      "properties": {
        "id": "z-sikkim-nh10-11",
        "name": "NH-10 Sikkim corridor cell -1,-1",
        "corridor_id": "sikkim-nh10",
        "state": "Sikkim",
        "district": "East Sikkim",
        "lon": 88.46,
        "lat": 27.11,
        "slope_class": 3,
        "elevation_m": 1378,
        "soil_moisture": 0.513,
        "dist_drainage_km": 1.55,
        "lithology_proxy": 0.846,
        "prior_landslide_density": 1.235,
        "ndvi_proxy": 0.597,
        "inhabited": true,
        "highway": true
      }
    },
    {
      "type": "Feature",
      "geometry": {
        "type": "Polygon",
        "coordinates": [
          [
            [
              88.42500000000001,
              27.135
            ],
            [
              88.495,
              27.135
            ],
            [
              88.495,
              27.205000000000002
            ],
            [
              88.42500000000001,
              27.205000000000002
            ],
            [
              88.42500000000001,
              27.135
            ]
          ]
        ]
      },
      "properties": {
        "id": "z-sikkim-nh10-12",
        "name": "NH-10 Sikkim corridor cell -1,+0",
        "corridor_id": "sikkim-nh10",
        "state": "Sikkim",
        "district": "East Sikkim",
        "lon": 88.46,
        "lat": 27.17,
        "slope_class": 4,
        "elevation_m": 1413,
        "soil_moisture": 0.5,
        "dist_drainage_km": 0.88,
        "lithology_proxy": 0.812,
        "prior_landslide_density": 1.52,
        "ndvi_proxy": 0.659,
        "inhabited": true,
        "highway": true
      }
    },
    {
      "type": "Feature",
      "geometry": {
        "type": "Polygon",
        "coordinates": [
          [
            [
              88.42500000000001,
              27.195
            ],
            [
              88.495,
              27.195
            ],
            [
              88.495,
              27.265
            ],
            [
              88.42500000000001,
              27.265
            ],
            [
              88.42500000000001,
              27.195
            ]
          ]
        ]
      },
      "properties": {
        "id": "z-sikkim-nh10-13",
        "name": "NH-10 Sikkim corridor cell -1,+1",
        "corridor_id": "sikkim-nh10",
        "state": "Sikkim",
        "district": "East Sikkim",
        "lon": 88.46,
        "lat": 27.23,
        "slope_class": 3,
        "elevation_m": 1529,
        "soil_moisture": 0.445,
        "dist_drainage_km": 1.49,
        "lithology_proxy": 0.736,
        "prior_landslide_density": 1.529,
        "ndvi_proxy": 0.604,
        "inhabited": true,
        "highway": true
      }
    },
    {
      "type": "Feature",
      "geometry": {
        "type": "Polygon",
        "coordinates": [
          [
            [
              88.42500000000001,
              27.255000000000003
            ],
            [
              88.495,
              27.255000000000003
            ],
            [
              88.495,
              27.325000000000003
            ],
            [
              88.42500000000001,
              27.325000000000003
            ],
            [
              88.42500000000001,
              27.255000000000003
            ]
          ]
        ]
      },
      "properties": {
        "id": "z-sikkim-nh10-14",
        "name": "NH-10 Sikkim corridor cell -1,+2",
        "corridor_id": "sikkim-nh10",
        "state": "Sikkim",
        "district": "East Sikkim",
        "lon": 88.46,
        "lat": 27.29,
        "slope_class": 4,
        "elevation_m": 1520,
        "soil_moisture": 0.521,
        "dist_drainage_km": 2.15,
        "lithology_proxy": 0.733,
        "prior_landslide_density": 1.283,
        "ndvi_proxy": 0.725,
        "inhabited": true,
        "highway": false
      }
    },
    {
      "type": "Feature",
      "geometry": {
        "type": "Polygon",
        "coordinates": [
          [
            [
              88.495,
              27.015
            ],
            [
              88.565,
              27.015
            ],
            [
              88.565,
              27.085
            ],
            [
              88.495,
              27.085
            ],
            [
              88.495,
              27.015
            ]
          ]
        ]
      },
      "properties": {
        "id": "z-sikkim-nh10-20",
        "name": "NH-10 Sikkim corridor cell +0,-2",
        "corridor_id": "sikkim-nh10",
        "state": "Sikkim",
        "district": "East Sikkim",
        "lon": 88.53,
        "lat": 27.05,
        "slope_class": 3,
        "elevation_m": 1257,
        "soil_moisture": 0.51,
        "dist_drainage_km": 1.45,
        "lithology_proxy": 0.729,
        "prior_landslide_density": 0.757,
        "ndvi_proxy": 0.535,
        "inhabited": true,
        "highway": false
      }
    },
    {
      "type": "Feature",
      "geometry": {
        "type": "Polygon",
        "coordinates": [
          [
            [
              88.495,
              27.075000000000003
            ],
            [
              88.565,
              27.075000000000003
            ],
            [
              88.565,
              27.145000000000003
            ],
            [
              88.495,
              27.145000000000003
            ],
            [
              88.495,
              27.075000000000003
            ]
          ]
        ]
      },
      "properties": {
        "id": "z-sikkim-nh10-21",
        "name": "NH-10 Sikkim corridor cell +0,-1",
        "corridor_id": "sikkim-nh10",
        "state": "Sikkim",
        "district": "East Sikkim",
        "lon": 88.53,
        "lat": 27.11,
        "slope_class": 4,
        "elevation_m": 1378,
        "soil_moisture": 0.574,
        "dist_drainage_km": 0.86,
        "lithology_proxy": 0.817,
        "prior_landslide_density": 1.146,
        "ndvi_proxy": 0.687,
        "inhabited": true,
        "highway": true
      }
    },
    {
      "type": "Feature",
      "geometry": {
        "type": "Polygon",
        "coordinates": [
          [
            [
              88.495,
              27.135
            ],
            [
              88.565,
              27.135
            ],
            [
              88.565,
              27.205000000000002
            ],
            [
              88.495,
              27.205000000000002
            ],
            [
              88.495,
              27.135
            ]
          ]
        ]
      },
      "properties": {
        "id": "z-sikkim-nh10-22",
        "name": "NH-10 Sikkim corridor cell +0,+0",
        "corridor_id": "sikkim-nh10",
        "state": "Sikkim",
        "district": "East Sikkim",
        "lon": 88.53,
        "lat": 27.17,
        "slope_class": 3,
        "elevation_m": 1369,
        "soil_moisture": 0.551,
        "dist_drainage_km": 0.33,
        "lithology_proxy": 0.76,
        "prior_landslide_density": 1.637,
        "ndvi_proxy": 0.376,
        "inhabited": true,
        "highway": true
      }
    },
    {
      "type": "Feature",
      "geometry": {
        "type": "Polygon",
        "coordinates": [
          [
            [
              88.495,
              27.195
            ],
            [
              88.565,
              27.195
            ],
            [
              88.565,
              27.265
            ],
            [
              88.495,
              27.265
            ],
            [
              88.495,
              27.195
            ]
          ]
        ]
      },
      "properties": {
        "id": "z-sikkim-nh10-23",
        "name": "NH-10 Sikkim corridor cell +0,+1",
        "corridor_id": "sikkim-nh10",
        "state": "Sikkim",
        "district": "East Sikkim",
        "lon": 88.53,
        "lat": 27.23,
        "slope_class": 4,
        "elevation_m": 1447,
        "soil_moisture": 0.549,
        "dist_drainage_km": 0.86,
        "lithology_proxy": 0.863,
        "prior_landslide_density": 1.7,
        "ndvi_proxy": 0.534,
        "inhabited": true,
        "highway": true
      }
    },
    {
      "type": "Feature",
      "geometry": {
        "type": "Polygon",
        "coordinates": [
          [
            [
              88.495,
              27.255000000000003
            ],
            [
              88.565,
              27.255000000000003
            ],
            [
              88.565,
              27.325000000000003
            ],
            [
              88.495,
              27.325000000000003
            ],
            [
              88.495,
              27.255000000000003
            ]
          ]
        ]
      },
      "properties": {
        "id": "z-sikkim-nh10-24",
        "name": "NH-10 Sikkim corridor cell +0,+2",
        "corridor_id": "sikkim-nh10",
        "state": "Sikkim",
        "district": "East Sikkim",
        "lon": 88.53,
        "lat": 27.29,
        "slope_class": 4,
        "elevation_m": 1517,
        "soil_moisture": 0.574,
        "dist_drainage_km": 1.3,
        "lithology_proxy": 0.733,
        "prior_landslide_density": 1.485,
        "ndvi_proxy": 0.584,
        "inhabited": true,
        "highway": false
      }
    },
    {
      "type": "Feature",
      "geometry": {
        "type": "Polygon",
        "coordinates": [
          [
            [
              88.565,
              27.015
            ],
            [
              88.63499999999999,
              27.015
            ],
            [
              88.63499999999999,
              27.085
            ],
            [
              88.565,
              27.085
            ],
            [
              88.565,
              27.015
            ]
          ]
        ]
      },
      "properties": {
        "id": "z-sikkim-nh10-30",
        "name": "NH-10 Sikkim corridor cell +1,-2",
        "corridor_id": "sikkim-nh10",
        "state": "Sikkim",
        "district": "East Sikkim",
        "lon": 88.6,
        "lat": 27.05,
        "slope_class": 5,
        "elevation_m": 1226,
        "soil_moisture": 0.7,
        "dist_drainage_km": 2.09,
        "lithology_proxy": 0.782,
        "prior_landslide_density": 0.478,
        "ndvi_proxy": 0.386,
        "inhabited": true,
        "highway": false
      }
    },
    {
      "type": "Feature",
      "geometry": {
        "type": "Polygon",
        "coordinates": [
          [
            [
              88.565,
              27.075000000000003
            ],
            [
              88.63499999999999,
              27.075000000000003
            ],
            [
              88.63499999999999,
              27.145000000000003
            ],
            [
              88.565,
              27.145000000000003
            ],
            [
              88.565,
              27.075000000000003
            ]
          ]
        ]
      },
      "properties": {
        "id": "z-sikkim-nh10-31",
        "name": "NH-10 Sikkim corridor cell +1,-1",
        "corridor_id": "sikkim-nh10",
        "state": "Sikkim",
        "district": "East Sikkim",
        "lon": 88.6,
        "lat": 27.11,
        "slope_class": 3,
        "elevation_m": 1370,
        "soil_moisture": 0.524,
        "dist_drainage_km": 1.44,
        "lithology_proxy": 0.838,
        "prior_landslide_density": 0.855,
        "ndvi_proxy": 0.519,
        "inhabited": true,
        "highway": true
      }
    },
    {
      "type": "Feature",
      "geometry": {
        "type": "Polygon",
        "coordinates": [
          [
            [
              88.565,
              27.135
            ],
            [
              88.63499999999999,
              27.135
            ],
            [
              88.63499999999999,
              27.205000000000002
            ],
            [
              88.565,
              27.205000000000002
            ],
            [
              88.565,
              27.135
            ]
          ]
        ]
      },
      "properties": {
        "id": "z-sikkim-nh10-32",
        "name": "NH-10 Sikkim corridor cell +1,+0",
        "corridor_id": "sikkim-nh10",
        "state": "Sikkim",
        "district": "East Sikkim",
        "lon": 88.6,
        "lat": 27.17,
        "slope_class": 3,
        "elevation_m": 1389,
        "soil_moisture": 0.579,
        "dist_drainage_km": 0.95,
        "lithology_proxy": 0.786,
        "prior_landslide_density": 1.265,
        "ndvi_proxy": 0.738,
        "inhabited": true,
        "highway": true
      }
    },
    {
      "type": "Feature",
      "geometry": {
        "type": "Polygon",
        "coordinates": [
          [
            [
              88.565,
              27.195
            ],
            [
              88.63499999999999,
              27.195
            ],
            [
              88.63499999999999,
              27.265
            ],
            [
              88.565,
              27.265
            ],
            [
              88.565,
              27.195
            ]
          ]
        ]
      },
      "properties": {
        "id": "z-sikkim-nh10-33",
        "name": "NH-10 Sikkim corridor cell +1,+1",
        "corridor_id": "sikkim-nh10",
        "state": "Sikkim",
        "district": "East Sikkim",
        "lon": 88.6,
        "lat": 27.23,
        "slope_class": 3,
        "elevation_m": 1507,
        "soil_moisture": 0.532,
        "dist_drainage_km": 1.69,
        "lithology_proxy": 0.787,
        "prior_landslide_density": 1.422,
        "ndvi_proxy": 0.457,
        "inhabited": true,
        "highway": true
      }
    },
    {
      "type": "Feature",
      "geometry": {
        "type": "Polygon",
        "coordinates": [
          [
            [
              88.565,
              27.255000000000003
            ],
            [
              88.63499999999999,
              27.255000000000003
            ],
            [
              88.63499999999999,
              27.325000000000003
            ],
            [
              88.565,
              27.325000000000003
            ],
            [
              88.565,
              27.255000000000003
            ]
          ]
        ]
      },
      "properties": {
        "id": "z-sikkim-nh10-34",
        "name": "NH-10 Sikkim corridor cell +1,+2",
        "corridor_id": "sikkim-nh10",
        "state": "Sikkim",
        "district": "East Sikkim",
        "lon": 88.6,
        "lat": 27.29,
        "slope_class": 4,
        "elevation_m": 1514,
        "soil_moisture": 0.514,
        "dist_drainage_km": 2.12,
        "lithology_proxy": 0.681,
        "prior_landslide_density": 1.375,
        "ndvi_proxy": 0.639,
        "inhabited": true,
        "highway": false
      }
    },
    {
      "type": "Feature",
      "geometry": {
        "type": "Polygon",
        "coordinates": [
          [
            [
              88.635,
              27.015
            ],
            [
              88.705,
              27.015
            ],
            [
              88.705,
              27.085
            ],
            [
              88.635,
              27.085
            ],
            [
              88.635,
              27.015
            ]
          ]
        ]
      },
      "properties": {
        "id": "z-sikkim-nh10-40",
        "name": "NH-10 Sikkim corridor cell +2,-2",
        "corridor_id": "sikkim-nh10",
        "state": "Sikkim",
        "district": "East Sikkim",
        "lon": 88.67,
        "lat": 27.05,
        "slope_class": 4,
        "elevation_m": 1244,
        "soil_moisture": 0.566,
        "dist_drainage_km": 3.1,
        "lithology_proxy": 0.701,
        "prior_landslide_density": 0.236,
        "ndvi_proxy": 0.6,
        "inhabited": false,
        "highway": false
      }
    },
    {
      "type": "Feature",
      "geometry": {
        "type": "Polygon",
        "coordinates": [
          [
            [
              88.635,
              27.075000000000003
            ],
            [
              88.705,
              27.075000000000003
            ],
            [
              88.705,
              27.145000000000003
            ],
            [
              88.635,
              27.145000000000003
            ],
            [
              88.635,
              27.075000000000003
            ]
          ]
        ]
      },
      "properties": {
        "id": "z-sikkim-nh10-41",
        "name": "NH-10 Sikkim corridor cell +2,-1",
        "corridor_id": "sikkim-nh10",
        "state": "Sikkim",
        "district": "East Sikkim",
        "lon": 88.67,
        "lat": 27.11,
        "slope_class": 4,
        "elevation_m": 1279,
        "soil_moisture": 0.514,
        "dist_drainage_km": 2.35,
        "lithology_proxy": 0.871,
        "prior_landslide_density": 0.439,
        "ndvi_proxy": 0.719,
        "inhabited": true,
        "highway": false
      }
    },
    {
      "type": "Feature",
      "geometry": {
        "type": "Polygon",
        "coordinates": [
          [
            [
              88.635,
              27.135
            ],
            [
              88.705,
              27.135
            ],
            [
              88.705,
              27.205000000000002
            ],
            [
              88.635,
              27.205000000000002
            ],
            [
              88.635,
              27.135
            ]
          ]
        ]
      },
      "properties": {
        "id": "z-sikkim-nh10-42",
        "name": "NH-10 Sikkim corridor cell +2,+0",
        "corridor_id": "sikkim-nh10",
        "state": "Sikkim",
        "district": "East Sikkim",
        "lon": 88.67,
        "lat": 27.17,
        "slope_class": 3,
        "elevation_m": 1416,
        "soil_moisture": 0.433,
        "dist_drainage_km": 1.73,
        "lithology_proxy": 0.866,
        "prior_landslide_density": 0.753,
        "ndvi_proxy": 0.701,
        "inhabited": true,
        "highway": false
      }
    },
    {
      "type": "Feature",
      "geometry": {
        "type": "Polygon",
        "coordinates": [
          [
            [
              88.635,
              27.195
            ],
            [
              88.705,
              27.195
            ],
            [
              88.705,
              27.265
            ],
            [
              88.635,
              27.265
            ],
            [
              88.635,
              27.195
            ]
          ]
        ]
      },
      "properties": {
        "id": "z-sikkim-nh10-43",
        "name": "NH-10 Sikkim corridor cell +2,+1",
        "corridor_id": "sikkim-nh10",
        "state": "Sikkim",
        "district": "East Sikkim",
        "lon": 88.67,
        "lat": 27.23,
        "slope_class": 4,
        "elevation_m": 1450,
        "soil_moisture": 0.622,
        "dist_drainage_km": 2.22,
        "lithology_proxy": 0.869,
        "prior_landslide_density": 0.955,
        "ndvi_proxy": 0.384,
        "inhabited": true,
        "highway": false
      }
    },
    {
      "type": "Feature",
      "geometry": {
        "type": "Polygon",
        "coordinates": [
          [
            [
              88.635,
              27.255000000000003
            ],
            [
              88.705,
              27.255000000000003
            ],
            [
              88.705,
              27.325000000000003
            ],
            [
              88.635,
              27.325000000000003
            ],
            [
              88.635,
              27.255000000000003
            ]
          ]
        ]
      },
      "properties": {
        "id": "z-sikkim-nh10-44",
        "name": "NH-10 Sikkim corridor cell +2,+2",
        "corridor_id": "sikkim-nh10",
        "state": "Sikkim",
        "district": "East Sikkim",
        "lon": 88.67,
        "lat": 27.29,
        "slope_class": 5,
        "elevation_m": 1604,
        "soil_moisture": 0.664,
        "dist_drainage_km": 2.83,
        "lithology_proxy": 0.833,
        "prior_landslide_density": 1.032,
        "ndvi_proxy": 0.401,
        "inhabited": false,
        "highway": false
      }
    },
    {
      "type": "Feature",
      "geometry": {
        "type": "Polygon",
        "coordinates": [
          [
            [
              88.435,
              27.174999999999997
            ],
            [
              88.505,
              27.174999999999997
            ],
            [
              88.505,
              27.244999999999997
            ],
            [
              88.435,
              27.244999999999997
            ],
            [
              88.435,
              27.174999999999997
            ]
          ]
        ]
      },
      "properties": {
        "id": "z-gangtok-00",
        "name": "Gangtok hills cell -2,-2",
        "corridor_id": "gangtok",
        "state": "Sikkim",
        "district": "Gangtok",
        "lon": 88.47,
        "lat": 27.21,
        "slope_class": 5,
        "elevation_m": 1500,
        "soil_moisture": 0.629,
        "dist_drainage_km": 2.87,
        "lithology_proxy": 0.841,
        "prior_landslide_density": 1.601,
        "ndvi_proxy": 0.736,
        "inhabited": false,
        "highway": false
      }
    },
    {
      "type": "Feature",
      "geometry": {
        "type": "Polygon",
        "coordinates": [
          [
            [
              88.435,
              27.235
            ],
            [
              88.505,
              27.235
            ],
            [
              88.505,
              27.305
            ],
            [
              88.435,
              27.305
            ],
            [
              88.435,
              27.235
            ]
          ]
        ]
      },
      "properties": {
        "id": "z-gangtok-01",
        "name": "Gangtok hills cell -2,-1",
        "corridor_id": "gangtok",
        "state": "Sikkim",
        "district": "Gangtok",
        "lon": 88.47,
        "lat": 27.27,
        "slope_class": 5,
        "elevation_m": 1601,
        "soil_moisture": 0.699,
        "dist_drainage_km": 2.32,
        "lithology_proxy": 0.85,
        "prior_landslide_density": 1.427,
        "ndvi_proxy": 0.525,
        "inhabited": true,
        "highway": false
      }
    },
    {
      "type": "Feature",
      "geometry": {
        "type": "Polygon",
        "coordinates": [
          [
            [
              88.435,
              27.294999999999998
            ],
            [
              88.505,
              27.294999999999998
            ],
            [
              88.505,
              27.365
            ],
            [
              88.435,
              27.365
            ],
            [
              88.435,
              27.294999999999998
            ]
          ]
        ]
      },
      "properties": {
        "id": "z-gangtok-02",
        "name": "Gangtok hills cell -2,+0",
        "corridor_id": "gangtok",
        "state": "Sikkim",
        "district": "Gangtok",
        "lon": 88.47,
        "lat": 27.33,
        "slope_class": 5,
        "elevation_m": 1605,
        "soil_moisture": 0.56,
        "dist_drainage_km": 1.7,
        "lithology_proxy": 0.724,
        "prior_landslide_density": 1.077,
        "ndvi_proxy": 0.572,
        "inhabited": true,
        "highway": false
      }
    },
    {
      "type": "Feature",
      "geometry": {
        "type": "Polygon",
        "coordinates": [
          [
            [
              88.435,
              27.354999999999997
            ],
            [
              88.505,
              27.354999999999997
            ],
            [
              88.505,
              27.424999999999997
            ],
            [
              88.435,
              27.424999999999997
            ],
            [
              88.435,
              27.354999999999997
            ]
          ]
        ]
      },
      "properties": {
        "id": "z-gangtok-03",
        "name": "Gangtok hills cell -2,+1",
        "corridor_id": "gangtok",
        "state": "Sikkim",
        "district": "Gangtok",
        "lon": 88.47,
        "lat": 27.39,
        "slope_class": 5,
        "elevation_m": 1670,
        "soil_moisture": 0.645,
        "dist_drainage_km": 2.23,
        "lithology_proxy": 0.766,
        "prior_landslide_density": 0.596,
        "ndvi_proxy": 0.712,
        "inhabited": true,
        "highway": false
      }
    },
    {
      "type": "Feature",
      "geometry": {
        "type": "Polygon",
        "coordinates": [
          [
            [
              88.435,
              27.415
            ],
            [
              88.505,
              27.415
            ],
            [
              88.505,
              27.485
            ],
            [
              88.435,
              27.485
            ],
            [
              88.435,
              27.415
            ]
          ]
        ]
      },
      "properties": {
        "id": "z-gangtok-04",
        "name": "Gangtok hills cell -2,+2",
        "corridor_id": "gangtok",
        "state": "Sikkim",
        "district": "Gangtok",
        "lon": 88.47,
        "lat": 27.45,
        "slope_class": 5,
        "elevation_m": 1759,
        "soil_moisture": 0.592,
        "dist_drainage_km": 3.01,
        "lithology_proxy": 0.817,
        "prior_landslide_density": 0.288,
        "ndvi_proxy": 0.566,
        "inhabited": false,
        "highway": false
      }
    },
    {
      "type": "Feature",
      "geometry": {
        "type": "Polygon",
        "coordinates": [
          [
            [
              88.50500000000001,
              27.174999999999997
            ],
            [
              88.575,
              27.174999999999997
            ],
            [
              88.575,
              27.244999999999997
            ],
            [
              88.50500000000001,
              27.244999999999997
            ],
            [
              88.50500000000001,
              27.174999999999997
            ]
          ]
        ]
      },
      "properties": {
        "id": "z-gangtok-10",
        "name": "Gangtok hills cell -1,-2",
        "corridor_id": "gangtok",
        "state": "Sikkim",
        "district": "Gangtok",
        "lon": 88.54,
        "lat": 27.21,
        "slope_class": 5,
        "elevation_m": 1461,
        "soil_moisture": 0.671,
        "dist_drainage_km": 2.31,
        "lithology_proxy": 0.758,
        "prior_landslide_density": 1.735,
        "ndvi_proxy": 0.389,
        "inhabited": true,
        "highway": false
      }
    },
    {
      "type": "Feature",
      "geometry": {
        "type": "Polygon",
        "coordinates": [
          [
            [
              88.50500000000001,
              27.235
            ],
            [
              88.575,
              27.235
            ],
            [
              88.575,
              27.305
            ],
            [
              88.50500000000001,
              27.305
            ],
            [
              88.50500000000001,
              27.235
            ]
          ]
        ]
      },
      "properties": {
        "id": "z-gangtok-11",
        "name": "Gangtok hills cell -1,-1",
        "corridor_id": "gangtok",
        "state": "Sikkim",
        "district": "Gangtok",
        "lon": 88.54,
        "lat": 27.27,
        "slope_class": 5,
        "elevation_m": 1555,
        "soil_moisture": 0.62,
        "dist_drainage_km": 1.57,
        "lithology_proxy": 0.866,
        "prior_landslide_density": 1.572,
        "ndvi_proxy": 0.619,
        "inhabited": true,
        "highway": true
      }
    },
    {
      "type": "Feature",
      "geometry": {
        "type": "Polygon",
        "coordinates": [
          [
            [
              88.50500000000001,
              27.294999999999998
            ],
            [
              88.575,
              27.294999999999998
            ],
            [
              88.575,
              27.365
            ],
            [
              88.50500000000001,
              27.365
            ],
            [
              88.50500000000001,
              27.294999999999998
            ]
          ]
        ]
      },
      "properties": {
        "id": "z-gangtok-12",
        "name": "Gangtok hills cell -1,+0",
        "corridor_id": "gangtok",
        "state": "Sikkim",
        "district": "Gangtok",
        "lon": 88.54,
        "lat": 27.33,
        "slope_class": 4,
        "elevation_m": 1597,
        "soil_moisture": 0.541,
        "dist_drainage_km": 0.96,
        "lithology_proxy": 0.892,
        "prior_landslide_density": 1.276,
        "ndvi_proxy": 0.449,
        "inhabited": true,
        "highway": true
      }
    },
    {
      "type": "Feature",
      "geometry": {
        "type": "Polygon",
        "coordinates": [
          [
            [
              88.50500000000001,
              27.354999999999997
            ],
            [
              88.575,
              27.354999999999997
            ],
            [
              88.575,
              27.424999999999997
            ],
            [
              88.50500000000001,
              27.424999999999997
            ],
            [
              88.50500000000001,
              27.354999999999997
            ]
          ]
        ]
      },
      "properties": {
        "id": "z-gangtok-13",
        "name": "Gangtok hills cell -1,+1",
        "corridor_id": "gangtok",
        "state": "Sikkim",
        "district": "Gangtok",
        "lon": 88.54,
        "lat": 27.39,
        "slope_class": 5,
        "elevation_m": 1738,
        "soil_moisture": 0.613,
        "dist_drainage_km": 1.58,
        "lithology_proxy": 0.776,
        "prior_landslide_density": 0.856,
        "ndvi_proxy": 0.45,
        "inhabited": true,
        "highway": true
      }
    },
    {
      "type": "Feature",
      "geometry": {
        "type": "Polygon",
        "coordinates": [
          [
            [
              88.50500000000001,
              27.415
            ],
            [
              88.575,
              27.415
            ],
            [
              88.575,
              27.485
            ],
            [
              88.50500000000001,
              27.485
            ],
            [
              88.50500000000001,
              27.415
            ]
          ]
        ]
      },
      "properties": {
        "id": "z-gangtok-14",
        "name": "Gangtok hills cell -1,+2",
        "corridor_id": "gangtok",
        "state": "Sikkim",
        "district": "Gangtok",
        "lon": 88.54,
        "lat": 27.45,
        "slope_class": 4,
        "elevation_m": 1806,
        "soil_moisture": 0.618,
        "dist_drainage_km": 2.32,
        "lithology_proxy": 0.74,
        "prior_landslide_density": 0.478,
        "ndvi_proxy": 0.611,
        "inhabited": true,
        "highway": false
      }
    },
    {
      "type": "Feature",
      "geometry": {
        "type": "Polygon",
        "coordinates": [
          [
            [
              88.575,
              27.174999999999997
            ],
            [
              88.645,
              27.174999999999997
            ],
            [
              88.645,
              27.244999999999997
            ],
            [
              88.575,
              27.244999999999997
            ],
            [
              88.575,
              27.174999999999997
            ]
          ]
        ]
      },
      "properties": {
        "id": "z-gangtok-20",
        "name": "Gangtok hills cell +0,-2",
        "corridor_id": "gangtok",
        "state": "Sikkim",
        "district": "Gangtok",
        "lon": 88.61,
        "lat": 27.21,
        "slope_class": 4,
        "elevation_m": 1441,
        "soil_moisture": 0.617,
        "dist_drainage_km": 1.57,
        "lithology_proxy": 0.753,
        "prior_landslide_density": 1.325,
        "ndvi_proxy": 0.544,
        "inhabited": true,
        "highway": false
      }
    },
    {
      "type": "Feature",
      "geometry": {
        "type": "Polygon",
        "coordinates": [
          [
            [
              88.575,
              27.235
            ],
            [
              88.645,
              27.235
            ],
            [
              88.645,
              27.305
            ],
            [
              88.575,
              27.305
            ],
            [
              88.575,
              27.235
            ]
          ]
        ]
      },
      "properties": {
        "id": "z-gangtok-21",
        "name": "Gangtok hills cell +0,-1",
        "corridor_id": "gangtok",
        "state": "Sikkim",
        "district": "Gangtok",
        "lon": 88.61,
        "lat": 27.27,
        "slope_class": 5,
        "elevation_m": 1620,
        "soil_moisture": 0.559,
        "dist_drainage_km": 0.76,
        "lithology_proxy": 0.796,
        "prior_landslide_density": 1.347,
        "ndvi_proxy": 0.744,
        "inhabited": true,
        "highway": true
      }
    },
    {
      "type": "Feature",
      "geometry": {
        "type": "Polygon",
        "coordinates": [
          [
            [
              88.575,
              27.294999999999998
            ],
            [
              88.645,
              27.294999999999998
            ],
            [
              88.645,
              27.365
            ],
            [
              88.575,
              27.365
            ],
            [
              88.575,
              27.294999999999998
            ]
          ]
        ]
      },
      "properties": {
        "id": "z-gangtok-22",
        "name": "Gangtok hills cell +0,+0",
        "corridor_id": "gangtok",
        "state": "Sikkim",
        "district": "Gangtok",
        "lon": 88.61,
        "lat": 27.33,
        "slope_class": 5,
        "elevation_m": 1708,
        "soil_moisture": 0.618,
        "dist_drainage_km": 0.31,
        "lithology_proxy": 0.805,
        "prior_landslide_density": 1.334,
        "ndvi_proxy": 0.733,
        "inhabited": true,
        "highway": true
      }
    },
    {
      "type": "Feature",
      "geometry": {
        "type": "Polygon",
        "coordinates": [
          [
            [
              88.575,
              27.354999999999997
            ],
            [
              88.645,
              27.354999999999997
            ],
            [
              88.645,
              27.424999999999997
            ],
            [
              88.575,
              27.424999999999997
            ],
            [
              88.575,
              27.354999999999997
            ]
          ]
        ]
      },
      "properties": {
        "id": "z-gangtok-23",
        "name": "Gangtok hills cell +0,+1",
        "corridor_id": "gangtok",
        "state": "Sikkim",
        "district": "Gangtok",
        "lon": 88.61,
        "lat": 27.39,
        "slope_class": 5,
        "elevation_m": 1689,
        "soil_moisture": 0.583,
        "dist_drainage_km": 0.68,
        "lithology_proxy": 0.732,
        "prior_landslide_density": 0.952,
        "ndvi_proxy": 0.644,
        "inhabited": true,
        "highway": true
      }
    },
    {
      "type": "Feature",
      "geometry": {
        "type": "Polygon",
        "coordinates": [
          [
            [
              88.575,
              27.415
            ],
            [
              88.645,
              27.415
            ],
            [
              88.645,
              27.485
            ],
            [
              88.575,
              27.485
            ],
            [
              88.575,
              27.415
            ]
          ]
        ]
      },
      "properties": {
        "id": "z-gangtok-24",
        "name": "Gangtok hills cell +0,+2",
        "corridor_id": "gangtok",
        "state": "Sikkim",
        "district": "Gangtok",
        "lon": 88.61,
        "lat": 27.45,
        "slope_class": 4,
        "elevation_m": 1845,
        "soil_moisture": 0.498,
        "dist_drainage_km": 1.33,
        "lithology_proxy": 0.815,
        "prior_landslide_density": 0.56,
        "ndvi_proxy": 0.718,
        "inhabited": true,
        "highway": false
      }
    },
    {
      "type": "Feature",
      "geometry": {
        "type": "Polygon",
        "coordinates": [
          [
            [
              88.645,
              27.174999999999997
            ],
            [
              88.71499999999999,
              27.174999999999997
            ],
            [
              88.71499999999999,
              27.244999999999997
            ],
            [
              88.645,
              27.244999999999997
            ],
            [
              88.645,
              27.174999999999997
            ]
          ]
        ]
      },
      "properties": {
        "id": "z-gangtok-30",
        "name": "Gangtok hills cell +1,-2",
        "corridor_id": "gangtok",
        "state": "Sikkim",
        "district": "Gangtok",
        "lon": 88.68,
        "lat": 27.21,
        "slope_class": 5,
        "elevation_m": 1437,
        "soil_moisture": 0.562,
        "dist_drainage_km": 2.38,
        "lithology_proxy": 0.757,
        "prior_landslide_density": 0.844,
        "ndvi_proxy": 0.588,
        "inhabited": true,
        "highway": false
      }
    },
    {
      "type": "Feature",
      "geometry": {
        "type": "Polygon",
        "coordinates": [
          [
            [
              88.645,
              27.235
            ],
            [
              88.71499999999999,
              27.235
            ],
            [
              88.71499999999999,
              27.305
            ],
            [
              88.645,
              27.305
            ],
            [
              88.645,
              27.235
            ]
          ]
        ]
      },
      "properties": {
        "id": "z-gangtok-31",
        "name": "Gangtok hills cell +1,-1",
        "corridor_id": "gangtok",
        "state": "Sikkim",
        "district": "Gangtok",
        "lon": 88.68,
        "lat": 27.27,
        "slope_class": 5,
        "elevation_m": 1561,
        "soil_moisture": 0.684,
        "dist_drainage_km": 1.45,
        "lithology_proxy": 0.769,
        "prior_landslide_density": 0.959,
        "ndvi_proxy": 0.588,
        "inhabited": true,
        "highway": true
      }
    },
    {
      "type": "Feature",
      "geometry": {
        "type": "Polygon",
        "coordinates": [
          [
            [
              88.645,
              27.294999999999998
            ],
            [
              88.71499999999999,
              27.294999999999998
            ],
            [
              88.71499999999999,
              27.365
            ],
            [
              88.645,
              27.365
            ],
            [
              88.645,
              27.294999999999998
            ]
          ]
        ]
      },
      "properties": {
        "id": "z-gangtok-32",
        "name": "Gangtok hills cell +1,+0",
        "corridor_id": "gangtok",
        "state": "Sikkim",
        "district": "Gangtok",
        "lon": 88.68,
        "lat": 27.33,
        "slope_class": 4,
        "elevation_m": 1643,
        "soil_moisture": 0.575,
        "dist_drainage_km": 1.06,
        "lithology_proxy": 0.783,
        "prior_landslide_density": 0.925,
        "ndvi_proxy": 0.454,
        "inhabited": true,
        "highway": true
      }
    },
    {
      "type": "Feature",
      "geometry": {
        "type": "Polygon",
        "coordinates": [
          [
            [
              88.645,
              27.354999999999997
            ],
            [
              88.71499999999999,
              27.354999999999997
            ],
            [
              88.71499999999999,
              27.424999999999997
            ],
            [
              88.645,
              27.424999999999997
            ],
            [
              88.645,
              27.354999999999997
            ]
          ]
        ]
      },
      "properties": {
        "id": "z-gangtok-33",
        "name": "Gangtok hills cell +1,+1",
        "corridor_id": "gangtok",
        "state": "Sikkim",
        "district": "Gangtok",
        "lon": 88.68,
        "lat": 27.39,
        "slope_class": 5,
        "elevation_m": 1700,
        "soil_moisture": 0.57,
        "dist_drainage_km": 1.51,
        "lithology_proxy": 0.849,
        "prior_landslide_density": 0.679,
        "ndvi_proxy": 0.533,
        "inhabited": true,
        "highway": true
      }
    },
    {
      "type": "Feature",
      "geometry": {
        "type": "Polygon",
        "coordinates": [
          [
            [
              88.645,
              27.415
            ],
            [
              88.71499999999999,
              27.415
            ],
            [
              88.71499999999999,
              27.485
            ],
            [
              88.645,
              27.485
            ],
            [
              88.645,
              27.415
            ]
          ]
        ]
      },
      "properties": {
        "id": "z-gangtok-34",
        "name": "Gangtok hills cell +1,+2",
        "corridor_id": "gangtok",
        "state": "Sikkim",
        "district": "Gangtok",
        "lon": 88.68,
        "lat": 27.45,
        "slope_class": 4,
        "elevation_m": 1751,
        "soil_moisture": 0.64,
        "dist_drainage_km": 2.18,
        "lithology_proxy": 0.919,
        "prior_landslide_density": 0.478,
        "ndvi_proxy": 0.379,
        "inhabited": true,
        "highway": false
      }
    },
    {
      "type": "Feature",
      "geometry": {
        "type": "Polygon",
        "coordinates": [
          [
            [
              88.715,
              27.174999999999997
            ],
            [
              88.785,
              27.174999999999997
            ],
            [
              88.785,
              27.244999999999997
            ],
            [
              88.715,
              27.244999999999997
            ],
            [
              88.715,
              27.174999999999997
            ]
          ]
        ]
      },
      "properties": {
        "id": "z-gangtok-40",
        "name": "Gangtok hills cell +2,-2",
        "corridor_id": "gangtok",
        "state": "Sikkim",
        "district": "Gangtok",
        "lon": 88.75,
        "lat": 27.21,
        "slope_class": 5,
        "elevation_m": 1494,
        "soil_moisture": 0.69,
        "dist_drainage_km": 2.91,
        "lithology_proxy": 0.896,
        "prior_landslide_density": 0.392,
        "ndvi_proxy": 0.702,
        "inhabited": false,
        "highway": false
      }
    },
    {
      "type": "Feature",
      "geometry": {
        "type": "Polygon",
        "coordinates": [
          [
            [
              88.715,
              27.235
            ],
            [
              88.785,
              27.235
            ],
            [
              88.785,
              27.305
            ],
            [
              88.715,
              27.305
            ],
            [
              88.715,
              27.235
            ]
          ]
        ]
      },
      "properties": {
        "id": "z-gangtok-41",
        "name": "Gangtok hills cell +2,-1",
        "corridor_id": "gangtok",
        "state": "Sikkim",
        "district": "Gangtok",
        "lon": 88.75,
        "lat": 27.27,
        "slope_class": 5,
        "elevation_m": 1546,
        "soil_moisture": 0.675,
        "dist_drainage_km": 2.26,
        "lithology_proxy": 0.861,
        "prior_landslide_density": 0.475,
        "ndvi_proxy": 0.595,
        "inhabited": true,
        "highway": false
      }
    },
    {
      "type": "Feature",
      "geometry": {
        "type": "Polygon",
        "coordinates": [
          [
            [
              88.715,
              27.294999999999998
            ],
            [
              88.785,
              27.294999999999998
            ],
            [
              88.785,
              27.365
            ],
            [
              88.715,
              27.365
            ],
            [
              88.715,
              27.294999999999998
            ]
          ]
        ]
      },
      "properties": {
        "id": "z-gangtok-42",
        "name": "Gangtok hills cell +2,+0",
        "corridor_id": "gangtok",
        "state": "Sikkim",
        "district": "Gangtok",
        "lon": 88.75,
        "lat": 27.33,
        "slope_class": 4,
        "elevation_m": 1675,
        "soil_moisture": 0.535,
        "dist_drainage_km": 1.93,
        "lithology_proxy": 0.853,
        "prior_landslide_density": 0.439,
        "ndvi_proxy": 0.726,
        "inhabited": true,
        "highway": false
      }
    },
    {
      "type": "Feature",
      "geometry": {
        "type": "Polygon",
        "coordinates": [
          [
            [
              88.715,
              27.354999999999997
            ],
            [
              88.785,
              27.354999999999997
            ],
            [
              88.785,
              27.424999999999997
            ],
            [
              88.715,
              27.424999999999997
            ],
            [
              88.715,
              27.354999999999997
            ]
          ]
        ]
      },
      "properties": {
        "id": "z-gangtok-43",
        "name": "Gangtok hills cell +2,+1",
        "corridor_id": "gangtok",
        "state": "Sikkim",
        "district": "Gangtok",
        "lon": 88.75,
        "lat": 27.39,
        "slope_class": 5,
        "elevation_m": 1703,
        "soil_moisture": 0.566,
        "dist_drainage_km": 2.25,
        "lithology_proxy": 0.831,
        "prior_landslide_density": 0.405,
        "ndvi_proxy": 0.459,
        "inhabited": true,
        "highway": false
      }
    },
    {
      "type": "Feature",
      "geometry": {
        "type": "Polygon",
        "coordinates": [
          [
            [
              88.715,
              27.415
            ],
            [
              88.785,
              27.415
            ],
            [
              88.785,
              27.485
            ],
            [
              88.715,
              27.485
            ],
            [
              88.715,
              27.415
            ]
          ]
        ]
      },
      "properties": {
        "id": "z-gangtok-44",
        "name": "Gangtok hills cell +2,+2",
        "corridor_id": "gangtok",
        "state": "Sikkim",
        "district": "Gangtok",
        "lon": 88.75,
        "lat": 27.45,
        "slope_class": 5,
        "elevation_m": 1841,
        "soil_moisture": 0.653,
        "dist_drainage_km": 2.94,
        "lithology_proxy": 0.891,
        "prior_landslide_density": 0.288,
        "ndvi_proxy": 0.552,
        "inhabited": false,
        "highway": false
      }
    },
    {
      "type": "Feature",
      "geometry": {
        "type": "Polygon",
        "coordinates": [
          [
            [
              92.845,
              25.015
            ],
            [
              92.91499999999999,
              25.015
            ],
            [
              92.91499999999999,
              25.085
            ],
            [
              92.845,
              25.085
            ],
            [
              92.845,
              25.015
            ]
          ]
        ]
      },
      "properties": {
        "id": "z-barak-00",
        "name": "Barak valley / Haflong cell -2,-2",
        "corridor_id": "barak",
        "state": "Assam",
        "district": "Dima Hasao",
        "lon": 92.88,
        "lat": 25.05,
        "slope_class": 4,
        "elevation_m": 575,
        "soil_moisture": 0.498,
        "dist_drainage_km": 3.16,
        "lithology_proxy": 0.737,
        "prior_landslide_density": 0.206,
        "ndvi_proxy": 0.682,
        "inhabited": false,
        "highway": false
      }
    },
    {
      "type": "Feature",
      "geometry": {
        "type": "Polygon",
        "coordinates": [
          [
            [
              92.845,
              25.075000000000003
            ],
            [
              92.91499999999999,
              25.075000000000003
            ],
            [
              92.91499999999999,
              25.145000000000003
            ],
            [
              92.845,
              25.145000000000003
            ],
            [
              92.845,
              25.075000000000003
            ]
          ]
        ]
      },
      "properties": {
        "id": "z-barak-01",
        "name": "Barak valley / Haflong cell -2,-1",
        "corridor_id": "barak",
        "state": "Assam",
        "district": "Dima Hasao",
        "lon": 92.88,
        "lat": 25.11,
        "slope_class": 3,
        "elevation_m": 540,
        "soil_moisture": 0.45,
        "dist_drainage_km": 2.33,
        "lithology_proxy": 0.806,
        "prior_landslide_density": 0.338,
        "ndvi_proxy": 0.415,
        "inhabited": true,
        "highway": false
      }
    },
    {
      "type": "Feature",
      "geometry": {
        "type": "Polygon",
        "coordinates": [
          [
            [
              92.845,
              25.135
            ],
            [
              92.91499999999999,
              25.135
            ],
            [
              92.91499999999999,
              25.205000000000002
            ],
            [
              92.845,
              25.205000000000002
            ],
            [
              92.845,
              25.135
            ]
          ]
        ]
      },
      "properties": {
        "id": "z-barak-02",
        "name": "Barak valley / Haflong cell -2,+0",
        "corridor_id": "barak",
        "state": "Assam",
        "district": "Dima Hasao",
        "lon": 92.88,
        "lat": 25.17,
        "slope_class": 5,
        "elevation_m": 690,
        "soil_moisture": 0.634,
        "dist_drainage_km": 1.88,
        "lithology_proxy": 0.632,
        "prior_landslide_density": 0.399,
        "ndvi_proxy": 0.728,
        "inhabited": true,
        "highway": false
      }
    },
    {
      "type": "Feature",
      "geometry": {
        "type": "Polygon",
        "coordinates": [
          [
            [
              92.845,
              25.195
            ],
            [
              92.91499999999999,
              25.195
            ],
            [
              92.91499999999999,
              25.265
            ],
            [
              92.845,
              25.265
            ],
            [
              92.845,
              25.195
            ]
          ]
        ]
      },
      "properties": {
        "id": "z-barak-03",
        "name": "Barak valley / Haflong cell -2,+1",
        "corridor_id": "barak",
        "state": "Assam",
        "district": "Dima Hasao",
        "lon": 92.88,
        "lat": 25.23,
        "slope_class": 4,
        "elevation_m": 769,
        "soil_moisture": 0.545,
        "dist_drainage_km": 2.21,
        "lithology_proxy": 0.721,
        "prior_landslide_density": 0.368,
        "ndvi_proxy": 0.522,
        "inhabited": true,
        "highway": false
      }
    },
    {
      "type": "Feature",
      "geometry": {
        "type": "Polygon",
        "coordinates": [
          [
            [
              92.845,
              25.255000000000003
            ],
            [
              92.91499999999999,
              25.255000000000003
            ],
            [
              92.91499999999999,
              25.325000000000003
            ],
            [
              92.845,
              25.325000000000003
            ],
            [
              92.845,
              25.255000000000003
            ]
          ]
        ]
      },
      "properties": {
        "id": "z-barak-04",
        "name": "Barak valley / Haflong cell -2,+2",
        "corridor_id": "barak",
        "state": "Assam",
        "district": "Dima Hasao",
        "lon": 92.88,
        "lat": 25.29,
        "slope_class": 3,
        "elevation_m": 819,
        "soil_moisture": 0.57,
        "dist_drainage_km": 2.95,
        "lithology_proxy": 0.804,
        "prior_landslide_density": 0.256,
        "ndvi_proxy": 0.366,
        "inhabited": false,
        "highway": false
      }
    },
    {
      "type": "Feature",
      "geometry": {
        "type": "Polygon",
        "coordinates": [
          [
            [
              92.915,
              25.015
            ],
            [
              92.985,
              25.015
            ],
            [
              92.985,
              25.085
            ],
            [
              92.915,
              25.085
            ],
            [
              92.915,
              25.015
            ]
          ]
        ]
      },
      "properties": {
        "id": "z-barak-10",
        "name": "Barak valley / Haflong cell -1,-2",
        "corridor_id": "barak",
        "state": "Assam",
        "district": "Dima Hasao",
        "lon": 92.95,
        "lat": 25.05,
        "slope_class": 4,
        "elevation_m": 486,
        "soil_moisture": 0.59,
        "dist_drainage_km": 2.27,
        "lithology_proxy": 0.681,
        "prior_landslide_density": 0.389,
        "ndvi_proxy": 0.574,
        "inhabited": true,
        "highway": false
      }
    },
    {
      "type": "Feature",
      "geometry": {
        "type": "Polygon",
        "coordinates": [
          [
            [
              92.915,
              25.075000000000003
            ],
            [
              92.985,
              25.075000000000003
            ],
            [
              92.985,
              25.145000000000003
            ],
            [
              92.915,
              25.145000000000003
            ],
            [
              92.915,
              25.075000000000003
            ]
          ]
        ]
      },
      "properties": {
        "id": "z-barak-11",
        "name": "Barak valley / Haflong cell -1,-1",
        "corridor_id": "barak",
        "state": "Assam",
        "district": "Dima Hasao",
        "lon": 92.95,
        "lat": 25.11,
        "slope_class": 5,
        "elevation_m": 619,
        "soil_moisture": 0.689,
        "dist_drainage_km": 1.7,
        "lithology_proxy": 0.657,
        "prior_landslide_density": 0.575,
        "ndvi_proxy": 0.415,
        "inhabited": true,
        "highway": true
      }
    },
    {
      "type": "Feature",
      "geometry": {
        "type": "Polygon",
        "coordinates": [
          [
            [
              92.915,
              25.135
            ],
            [
              92.985,
              25.135
            ],
            [
              92.985,
              25.205000000000002
            ],
            [
              92.915,
              25.205000000000002
            ],
            [
              92.915,
              25.135
            ]
          ]
        ]
      },
      "properties": {
        "id": "z-barak-12",
        "name": "Barak valley / Haflong cell -1,+0",
        "corridor_id": "barak",
        "state": "Assam",
        "district": "Dima Hasao",
        "lon": 92.95,
        "lat": 25.17,
        "slope_class": 4,
        "elevation_m": 732,
        "soil_moisture": 0.517,
        "dist_drainage_km": 0.96,
        "lithology_proxy": 0.795,
        "prior_landslide_density": 0.678,
        "ndvi_proxy": 0.663,
        "inhabited": true,
        "highway": true
      }
    },
    {
      "type": "Feature",
      "geometry": {
        "type": "Polygon",
        "coordinates": [
          [
            [
              92.915,
              25.195
            ],
            [
              92.985,
              25.195
            ],
            [
              92.985,
              25.265
            ],
            [
              92.915,
              25.265
            ],
            [
              92.915,
              25.195
            ]
          ]
        ]
      },
      "properties": {
        "id": "z-barak-13",
        "name": "Barak valley / Haflong cell -1,+1",
        "corridor_id": "barak",
        "state": "Assam",
        "district": "Dima Hasao",
        "lon": 92.95,
        "lat": 25.23,
        "slope_class": 5,
        "elevation_m": 802,
        "soil_moisture": 0.66,
        "dist_drainage_km": 1.67,
        "lithology_proxy": 0.66,
        "prior_landslide_density": 0.623,
        "ndvi_proxy": 0.414,
        "inhabited": true,
        "highway": true
      }
    },
    {
      "type": "Feature",
      "geometry": {
        "type": "Polygon",
        "coordinates": [
          [
            [
              92.915,
              25.255000000000003
            ],
            [
              92.985,
              25.255000000000003
            ],
            [
              92.985,
              25.325000000000003
            ],
            [
              92.915,
              25.325000000000003
            ],
            [
              92.915,
              25.255000000000003
            ]
          ]
        ]
      },
      "properties": {
        "id": "z-barak-14",
        "name": "Barak valley / Haflong cell -1,+2",
        "corridor_id": "barak",
        "state": "Assam",
        "district": "Dima Hasao",
        "lon": 92.95,
        "lat": 25.29,
        "slope_class": 3,
        "elevation_m": 828,
        "soil_moisture": 0.559,
        "dist_drainage_km": 2.35,
        "lithology_proxy": 0.654,
        "prior_landslide_density": 0.456,
        "ndvi_proxy": 0.677,
        "inhabited": true,
        "highway": false
      }
    },
    {
      "type": "Feature",
      "geometry": {
        "type": "Polygon",
        "coordinates": [
          [
            [
              92.985,
              25.015
            ],
            [
              93.05499999999999,
              25.015
            ],
            [
              93.05499999999999,
              25.085
            ],
            [
              92.985,
              25.085
            ],
            [
              92.985,
              25.015
            ]
          ]
        ]
      },
      "properties": {
        "id": "z-barak-20",
        "name": "Barak valley / Haflong cell +0,-2",
        "corridor_id": "barak",
        "state": "Assam",
        "district": "Dima Hasao",
        "lon": 93.02,
        "lat": 25.05,
        "slope_class": 5,
        "elevation_m": 504,
        "soil_moisture": 0.669,
        "dist_drainage_km": 1.32,
        "lithology_proxy": 0.656,
        "prior_landslide_density": 0.478,
        "ndvi_proxy": 0.359,
        "inhabited": true,
        "highway": false
      }
    },
    {
      "type": "Feature",
      "geometry": {
        "type": "Polygon",
        "coordinates": [
          [
            [
              92.985,
              25.075000000000003
            ],
            [
              93.05499999999999,
              25.075000000000003
            ],
            [
              93.05499999999999,
              25.145000000000003
            ],
            [
              92.985,
              25.145000000000003
            ],
            [
              92.985,
              25.075000000000003
            ]
          ]
        ]
      },
      "properties": {
        "id": "z-barak-21",
        "name": "Barak valley / Haflong cell +0,-1",
        "corridor_id": "barak",
        "state": "Assam",
        "district": "Dima Hasao",
        "lon": 93.02,
        "lat": 25.11,
        "slope_class": 4,
        "elevation_m": 591,
        "soil_moisture": 0.62,
        "dist_drainage_km": 0.73,
        "lithology_proxy": 0.803,
        "prior_landslide_density": 0.717,
        "ndvi_proxy": 0.462,
        "inhabited": true,
        "highway": true
      }
    },
    {
      "type": "Feature",
      "geometry": {
        "type": "Polygon",
        "coordinates": [
          [
            [
              92.985,
              25.135
            ],
            [
              93.05499999999999,
              25.135
            ],
            [
              93.05499999999999,
              25.205000000000002
            ],
            [
              92.985,
              25.205000000000002
            ],
            [
              92.985,
              25.135
            ]
          ]
        ]
      },
      "properties": {
        "id": "z-barak-22",
        "name": "Barak valley / Haflong cell +0,+0",
        "corridor_id": "barak",
        "state": "Assam",
        "district": "Dima Hasao",
        "lon": 93.02,
        "lat": 25.17,
        "slope_class": 5,
        "elevation_m": 706,
        "soil_moisture": 0.63,
        "dist_drainage_km": 0.39,
        "lithology_proxy": 0.798,
        "prior_landslide_density": 0.943,
        "ndvi_proxy": 0.396,
        "inhabited": true,
        "highway": true
      }
    },
    {
      "type": "Feature",
      "geometry": {
        "type": "Polygon",
        "coordinates": [
          [
            [
              92.985,
              25.195
            ],
            [
              93.05499999999999,
              25.195
            ],
            [
              93.05499999999999,
              25.265
            ],
            [
              92.985,
              25.265
            ],
            [
              92.985,
              25.195
            ]
          ]
        ]
      },
      "properties": {
        "id": "z-barak-23",
        "name": "Barak valley / Haflong cell +0,+1",
        "corridor_id": "barak",
        "state": "Assam",
        "district": "Dima Hasao",
        "lon": 93.02,
        "lat": 25.23,
        "slope_class": 4,
        "elevation_m": 722,
        "soil_moisture": 0.638,
        "dist_drainage_km": 0.83,
        "lithology_proxy": 0.618,
        "prior_landslide_density": 0.796,
        "ndvi_proxy": 0.589,
        "inhabited": true,
        "highway": true
      }
    },
    {
      "type": "Feature",
      "geometry": {
        "type": "Polygon",
        "coordinates": [
          [
            [
              92.985,
              25.255000000000003
            ],
            [
              93.05499999999999,
              25.255000000000003
            ],
            [
              93.05499999999999,
              25.325000000000003
            ],
            [
              92.985,
              25.325000000000003
            ],
            [
              92.985,
              25.255000000000003
            ]
          ]
        ]
      },
      "properties": {
        "id": "z-barak-24",
        "name": "Barak valley / Haflong cell +0,+2",
        "corridor_id": "barak",
        "state": "Assam",
        "district": "Dima Hasao",
        "lon": 93.02,
        "lat": 25.29,
        "slope_class": 4,
        "elevation_m": 873,
        "soil_moisture": 0.555,
        "dist_drainage_km": 1.51,
        "lithology_proxy": 0.807,
        "prior_landslide_density": 0.558,
        "ndvi_proxy": 0.396,
        "inhabited": true,
        "highway": false
      }
    },
    {
      "type": "Feature",
      "geometry": {
        "type": "Polygon",
        "coordinates": [
          [
            [
              93.05499999999999,
              25.015
            ],
            [
              93.12499999999999,
              25.015
            ],
            [
              93.12499999999999,
              25.085
            ],
            [
              93.05499999999999,
              25.085
            ],
            [
              93.05499999999999,
              25.015
            ]
          ]
        ]
      },
      "properties": {
        "id": "z-barak-30",
        "name": "Barak valley / Haflong cell +1,-2",
        "corridor_id": "barak",
        "state": "Assam",
        "district": "Dima Hasao",
        "lon": 93.09,
        "lat": 25.05,
        "slope_class": 4,
        "elevation_m": 492,
        "soil_moisture": 0.555,
        "dist_drainage_km": 2.02,
        "lithology_proxy": 0.714,
        "prior_landslide_density": 0.427,
        "ndvi_proxy": 0.673,
        "inhabited": true,
        "highway": false
      }
    },
    {
      "type": "Feature",
      "geometry": {
        "type": "Polygon",
        "coordinates": [
          [
            [
              93.05499999999999,
              25.075000000000003
            ],
            [
              93.12499999999999,
              25.075000000000003
            ],
            [
              93.12499999999999,
              25.145000000000003
            ],
            [
              93.05499999999999,
              25.145000000000003
            ],
            [
              93.05499999999999,
              25.075000000000003
            ]
          ]
        ]
      },
      "properties": {
        "id": "z-barak-31",
        "name": "Barak valley / Haflong cell +1,-1",
        "corridor_id": "barak",
        "state": "Assam",
        "district": "Dima Hasao",
        "lon": 93.09,
        "lat": 25.11,
        "slope_class": 4,
        "elevation_m": 586,
        "soil_moisture": 0.632,
        "dist_drainage_km": 1.57,
        "lithology_proxy": 0.794,
        "prior_landslide_density": 0.631,
        "ndvi_proxy": 0.599,
        "inhabited": true,
        "highway": true
      }
    },
    {
      "type": "Feature",
      "geometry": {
        "type": "Polygon",
        "coordinates": [
          [
            [
              93.05499999999999,
              25.135
            ],
            [
              93.12499999999999,
              25.135
            ],
            [
              93.12499999999999,
              25.205000000000002
            ],
            [
              93.05499999999999,
              25.205000000000002
            ],
            [
              93.05499999999999,
              25.135
            ]
          ]
        ]
      },
      "properties": {
        "id": "z-barak-32",
        "name": "Barak valley / Haflong cell +1,+0",
        "corridor_id": "barak",
        "state": "Assam",
        "district": "Dima Hasao",
        "lon": 93.09,
        "lat": 25.17,
        "slope_class": 3,
        "elevation_m": 712,
        "soil_moisture": 0.506,
        "dist_drainage_km": 1.16,
        "lithology_proxy": 0.743,
        "prior_landslide_density": 0.757,
        "ndvi_proxy": 0.48,
        "inhabited": true,
        "highway": true
      }
    },
    {
      "type": "Feature",
      "geometry": {
        "type": "Polygon",
        "coordinates": [
          [
            [
              93.05499999999999,
              25.195
            ],
            [
              93.12499999999999,
              25.195
            ],
            [
              93.12499999999999,
              25.265
            ],
            [
              93.05499999999999,
              25.265
            ],
            [
              93.05499999999999,
              25.195
            ]
          ]
        ]
      },
      "properties": {
        "id": "z-barak-33",
        "name": "Barak valley / Haflong cell +1,+1",
        "corridor_id": "barak",
        "state": "Assam",
        "district": "Dima Hasao",
        "lon": 93.09,
        "lat": 25.23,
        "slope_class": 4,
        "elevation_m": 770,
        "soil_moisture": 0.553,
        "dist_drainage_km": 1.45,
        "lithology_proxy": 0.798,
        "prior_landslide_density": 0.688,
        "ndvi_proxy": 0.621,
        "inhabited": true,
        "highway": true
      }
    },
    {
      "type": "Feature",
      "geometry": {
        "type": "Polygon",
        "coordinates": [
          [
            [
              93.05499999999999,
              25.255000000000003
            ],
            [
              93.12499999999999,
              25.255000000000003
            ],
            [
              93.12499999999999,
              25.325000000000003
            ],
            [
              93.05499999999999,
              25.325000000000003
            ],
            [
              93.05499999999999,
              25.255000000000003
            ]
          ]
        ]
      },
      "properties": {
        "id": "z-barak-34",
        "name": "Barak valley / Haflong cell +1,+2",
        "corridor_id": "barak",
        "state": "Assam",
        "district": "Dima Hasao",
        "lon": 93.09,
        "lat": 25.29,
        "slope_class": 4,
        "elevation_m": 858,
        "soil_moisture": 0.551,
        "dist_drainage_km": 2.23,
        "lithology_proxy": 0.777,
        "prior_landslide_density": 0.499,
        "ndvi_proxy": 0.472,
        "inhabited": true,
        "highway": false
      }
    },
    {
      "type": "Feature",
      "geometry": {
        "type": "Polygon",
        "coordinates": [
          [
            [
              93.125,
              25.015
            ],
            [
              93.195,
              25.015
            ],
            [
              93.195,
              25.085
            ],
            [
              93.125,
              25.085
            ],
            [
              93.125,
              25.015
            ]
          ]
        ]
      },
      "properties": {
        "id": "z-barak-40",
        "name": "Barak valley / Haflong cell +2,-2",
        "corridor_id": "barak",
        "state": "Assam",
        "district": "Dima Hasao",
        "lon": 93.16,
        "lat": 25.05,
        "slope_class": 4,
        "elevation_m": 515,
        "soil_moisture": 0.581,
        "dist_drainage_km": 3.11,
        "lithology_proxy": 0.674,
        "prior_landslide_density": 0.265,
        "ndvi_proxy": 0.527,
        "inhabited": false,
        "highway": false
      }
    },
    {
      "type": "Feature",
      "geometry": {
        "type": "Polygon",
        "coordinates": [
          [
            [
              93.125,
              25.075000000000003
            ],
            [
              93.195,
              25.075000000000003
            ],
            [
              93.195,
              25.145000000000003
            ],
            [
              93.125,
              25.145000000000003
            ],
            [
              93.125,
              25.075000000000003
            ]
          ]
        ]
      },
      "properties": {
        "id": "z-barak-41",
        "name": "Barak valley / Haflong cell +2,-1",
        "corridor_id": "barak",
        "state": "Assam",
        "district": "Dima Hasao",
        "lon": 93.16,
        "lat": 25.11,
        "slope_class": 4,
        "elevation_m": 605,
        "soil_moisture": 0.625,
        "dist_drainage_km": 2.39,
        "lithology_proxy": 0.769,
        "prior_landslide_density": 0.409,
        "ndvi_proxy": 0.418,
        "inhabited": true,
        "highway": false
      }
    },
    {
      "type": "Feature",
      "geometry": {
        "type": "Polygon",
        "coordinates": [
          [
            [
              93.125,
              25.135
            ],
            [
              93.195,
              25.135
            ],
            [
              93.195,
              25.205000000000002
            ],
            [
              93.125,
              25.205000000000002
            ],
            [
              93.125,
              25.135
            ]
          ]
        ]
      },
      "properties": {
        "id": "z-barak-42",
        "name": "Barak valley / Haflong cell +2,+0",
        "corridor_id": "barak",
        "state": "Assam",
        "district": "Dima Hasao",
        "lon": 93.16,
        "lat": 25.17,
        "slope_class": 3,
        "elevation_m": 656,
        "soil_moisture": 0.525,
        "dist_drainage_km": 1.81,
        "lithology_proxy": 0.677,
        "prior_landslide_density": 0.478,
        "ndvi_proxy": 0.677,
        "inhabited": true,
        "highway": false
      }
    },
    {
      "type": "Feature",
      "geometry": {
        "type": "Polygon",
        "coordinates": [
          [
            [
              93.125,
              25.195
            ],
            [
              93.195,
              25.195
            ],
            [
              93.195,
              25.265
            ],
            [
              93.125,
              25.265
            ],
            [
              93.125,
              25.195
            ]
          ]
        ]
      },
      "properties": {
        "id": "z-barak-43",
        "name": "Barak valley / Haflong cell +2,+1",
        "corridor_id": "barak",
        "state": "Assam",
        "district": "Dima Hasao",
        "lon": 93.16,
        "lat": 25.23,
        "slope_class": 4,
        "elevation_m": 786,
        "soil_moisture": 0.611,
        "dist_drainage_km": 2.32,
        "lithology_proxy": 0.639,
        "prior_landslide_density": 0.443,
        "ndvi_proxy": 0.368,
        "inhabited": true,
        "highway": false
      }
    },
    {
      "type": "Feature",
      "geometry": {
        "type": "Polygon",
        "coordinates": [
          [
            [
              93.125,
              25.255000000000003
            ],
            [
              93.195,
              25.255000000000003
            ],
            [
              93.195,
              25.325000000000003
            ],
            [
              93.125,
              25.325000000000003
            ],
            [
              93.125,
              25.255000000000003
            ]
          ]
        ]
      },
      "properties": {
        "id": "z-barak-44",
        "name": "Barak valley / Haflong cell +2,+2",
        "corridor_id": "barak",
        "state": "Assam",
        "district": "Dima Hasao",
        "lon": 93.16,
        "lat": 25.29,
        "slope_class": 5,
        "elevation_m": 858,
        "soil_moisture": 0.561,
        "dist_drainage_km": 3.14,
        "lithology_proxy": 0.693,
        "prior_landslide_density": 0.319,
        "ndvi_proxy": 0.602,
        "inhabited": false,
        "highway": false
      }
    },
    {
      "type": "Feature",
      "geometry": {
        "type": "Polygon",
        "coordinates": [
          [
            [
              92.625,
              24.674999999999997
            ],
            [
              92.695,
              24.674999999999997
            ],
            [
              92.695,
              24.744999999999997
            ],
            [
              92.625,
              24.744999999999997
            ],
            [
              92.625,
              24.674999999999997
            ]
          ]
        ]
      },
      "properties": {
        "id": "z-silchar-00",
        "name": "Silchar foothills cell -2,-2",
        "corridor_id": "silchar",
        "state": "Assam",
        "district": "Cachar",
        "lon": 92.66,
        "lat": 24.71,
        "slope_class": 3,
        "elevation_m": 20,
        "soil_moisture": 0.504,
        "dist_drainage_km": 3.08,
        "lithology_proxy": 0.399,
        "prior_landslide_density": 0.0,
        "ndvi_proxy": 0.612,
        "inhabited": false,
        "highway": false
      }
    },
    {
      "type": "Feature",
      "geometry": {
        "type": "Polygon",
        "coordinates": [
          [
            [
              92.625,
              24.735
            ],
            [
              92.695,
              24.735
            ],
            [
              92.695,
              24.805
            ],
            [
              92.625,
              24.805
            ],
            [
              92.625,
              24.735
            ]
          ]
        ]
      },
      "properties": {
        "id": "z-silchar-01",
        "name": "Silchar foothills cell -2,-1",
        "corridor_id": "silchar",
        "state": "Assam",
        "district": "Cachar",
        "lon": 92.66,
        "lat": 24.77,
        "slope_class": 2,
        "elevation_m": 94,
        "soil_moisture": 0.486,
        "dist_drainage_km": 2.5,
        "lithology_proxy": 0.371,
        "prior_landslide_density": 0.0,
        "ndvi_proxy": 0.52,
        "inhabited": true,
        "highway": false
      }
    },
    {
      "type": "Feature",
      "geometry": {
        "type": "Polygon",
        "coordinates": [
          [
            [
              92.625,
              24.794999999999998
            ],
            [
              92.695,
              24.794999999999998
            ],
            [
              92.695,
              24.865
            ],
            [
              92.625,
              24.865
            ],
            [
              92.625,
              24.794999999999998
            ]
          ]
        ]
      },
      "properties": {
        "id": "z-silchar-02",
        "name": "Silchar foothills cell -2,+0",
        "corridor_id": "silchar",
        "state": "Assam",
        "district": "Cachar",
        "lon": 92.66,
        "lat": 24.83,
        "slope_class": 3,
        "elevation_m": 162,
        "soil_moisture": 0.508,
        "dist_drainage_km": 1.98,
        "lithology_proxy": 0.36,
        "prior_landslide_density": 0.0,
        "ndvi_proxy": 0.45,
        "inhabited": true,
        "highway": false
      }
    },
    {
      "type": "Feature",
      "geometry": {
        "type": "Polygon",
        "coordinates": [
          [
            [
              92.625,
              24.854999999999997
            ],
            [
              92.695,
              24.854999999999997
            ],
            [
              92.695,
              24.924999999999997
            ],
            [
              92.625,
              24.924999999999997
            ],
            [
              92.625,
              24.854999999999997
            ]
          ]
        ]
      },
      "properties": {
        "id": "z-silchar-03",
        "name": "Silchar foothills cell -2,+1",
        "corridor_id": "silchar",
        "state": "Assam",
        "district": "Cachar",
        "lon": 92.66,
        "lat": 24.89,
        "slope_class": 2,
        "elevation_m": 198,
        "soil_moisture": 0.44,
        "dist_drainage_km": 2.25,
        "lithology_proxy": 0.456,
        "prior_landslide_density": 0.0,
        "ndvi_proxy": 0.574,
        "inhabited": true,
        "highway": false
      }
    },
    {
      "type": "Feature",
      "geometry": {
        "type": "Polygon",
        "coordinates": [
          [
            [
              92.625,
              24.915
            ],
            [
              92.695,
              24.915
            ],
            [
              92.695,
              24.985
            ],
            [
              92.625,
              24.985
            ],
            [
              92.625,
              24.915
            ]
          ]
        ]
      },
      "properties": {
        "id": "z-silchar-04",
        "name": "Silchar foothills cell -2,+2",
        "corridor_id": "silchar",
        "state": "Assam",
        "district": "Cachar",
        "lon": 92.66,
        "lat": 24.95,
        "slope_class": 3,
        "elevation_m": 316,
        "soil_moisture": 0.522,
        "dist_drainage_km": 3.16,
        "lithology_proxy": 0.494,
        "prior_landslide_density": 0.0,
        "ndvi_proxy": 0.552,
        "inhabited": false,
        "highway": false
      }
    },
    {
      "type": "Feature",
      "geometry": {
        "type": "Polygon",
        "coordinates": [
          [
            [
              92.69500000000001,
              24.674999999999997
            ],
            [
              92.765,
              24.674999999999997
            ],
            [
              92.765,
              24.744999999999997
            ],
            [
              92.69500000000001,
              24.744999999999997
            ],
            [
              92.69500000000001,
              24.674999999999997
            ]
          ]
        ]
      },
      "properties": {
        "id": "z-silchar-10",
        "name": "Silchar foothills cell -1,-2",
        "corridor_id": "silchar",
        "state": "Assam",
        "district": "Cachar",
        "lon": 92.73,
        "lat": 24.71,
        "slope_class": 4,
        "elevation_m": 20,
        "soil_moisture": 0.619,
        "dist_drainage_km": 2.06,
        "lithology_proxy": 0.44,
        "prior_landslide_density": 0.0,
        "ndvi_proxy": 0.651,
        "inhabited": true,
        "highway": false
      }
    },
    {
      "type": "Feature",
      "geometry": {
        "type": "Polygon",
        "coordinates": [
          [
            [
              92.69500000000001,
              24.735
            ],
            [
              92.765,
              24.735
            ],
            [
              92.765,
              24.805
            ],
            [
              92.69500000000001,
              24.805
            ],
            [
              92.69500000000001,
              24.735
            ]
          ]
        ]
      },
      "properties": {
        "id": "z-silchar-11",
        "name": "Silchar foothills cell -1,-1",
        "corridor_id": "silchar",
        "state": "Assam",
        "district": "Cachar",
        "lon": 92.73,
        "lat": 24.77,
        "slope_class": 3,
        "elevation_m": 78,
        "soil_moisture": 0.503,
        "dist_drainage_km": 1.71,
        "lithology_proxy": 0.398,
        "prior_landslide_density": 0.0,
        "ndvi_proxy": 0.526,
        "inhabited": true,
        "highway": true
      }
    },
    {
      "type": "Feature",
      "geometry": {
        "type": "Polygon",
        "coordinates": [
          [
            [
              92.69500000000001,
              24.794999999999998
            ],
            [
              92.765,
              24.794999999999998
            ],
            [
              92.765,
              24.865
            ],
            [
              92.69500000000001,
              24.865
            ],
            [
              92.69500000000001,
              24.794999999999998
            ]
          ]
        ]
      },
      "properties": {
        "id": "z-silchar-12",
        "name": "Silchar foothills cell -1,+0",
        "corridor_id": "silchar",
        "state": "Assam",
        "district": "Cachar",
        "lon": 92.73,
        "lat": 24.83,
        "slope_class": 3,
        "elevation_m": 90,
        "soil_moisture": 0.478,
        "dist_drainage_km": 0.91,
        "lithology_proxy": 0.458,
        "prior_landslide_density": 0.0,
        "ndvi_proxy": 0.405,
        "inhabited": true,
        "highway": true
      }
    },
    {
      "type": "Feature",
      "geometry": {
        "type": "Polygon",
        "coordinates": [
          [
            [
              92.69500000000001,
              24.854999999999997
            ],
            [
              92.765,
              24.854999999999997
            ],
            [
              92.765,
              24.924999999999997
            ],
            [
              92.69500000000001,
              24.924999999999997
            ],
            [
              92.69500000000001,
              24.854999999999997
            ]
          ]
        ]
      },
      "properties": {
        "id": "z-silchar-13",
        "name": "Silchar foothills cell -1,+1",
        "corridor_id": "silchar",
        "state": "Assam",
        "district": "Cachar",
        "lon": 92.73,
        "lat": 24.89,
        "slope_class": 3,
        "elevation_m": 189,
        "soil_moisture": 0.536,
        "dist_drainage_km": 1.68,
        "lithology_proxy": 0.363,
        "prior_landslide_density": 0.0,
        "ndvi_proxy": 0.513,
        "inhabited": true,
        "highway": true
      }
    },
    {
      "type": "Feature",
      "geometry": {
        "type": "Polygon",
        "coordinates": [
          [
            [
              92.69500000000001,
              24.915
            ],
            [
              92.765,
              24.915
            ],
            [
              92.765,
              24.985
            ],
            [
              92.69500000000001,
              24.985
            ],
            [
              92.69500000000001,
              24.915
            ]
          ]
        ]
      },
      "properties": {
        "id": "z-silchar-14",
        "name": "Silchar foothills cell -1,+2",
        "corridor_id": "silchar",
        "state": "Assam",
        "district": "Cachar",
        "lon": 92.73,
        "lat": 24.95,
        "slope_class": 4,
        "elevation_m": 273,
        "soil_moisture": 0.615,
        "dist_drainage_km": 2.02,
        "lithology_proxy": 0.428,
        "prior_landslide_density": 0.0,
        "ndvi_proxy": 0.658,
        "inhabited": true,
        "highway": false
      }
    },
    {
      "type": "Feature",
      "geometry": {
        "type": "Polygon",
        "coordinates": [
          [
            [
              92.765,
              24.674999999999997
            ],
            [
              92.835,
              24.674999999999997
            ],
            [
              92.835,
              24.744999999999997
            ],
            [
              92.765,
              24.744999999999997
            ],
            [
              92.765,
              24.674999999999997
            ]
          ]
        ]
      },
      "properties": {
        "id": "z-silchar-20",
        "name": "Silchar foothills cell +0,-2",
        "corridor_id": "silchar",
        "state": "Assam",
        "district": "Cachar",
        "lon": 92.8,
        "lat": 24.71,
        "slope_class": 2,
        "elevation_m": 20,
        "soil_moisture": 0.456,
        "dist_drainage_km": 1.55,
        "lithology_proxy": 0.445,
        "prior_landslide_density": 0.0,
        "ndvi_proxy": 0.727,
        "inhabited": true,
        "highway": false
      }
    },
    {
      "type": "Feature",
      "geometry": {
        "type": "Polygon",
        "coordinates": [
          [
            [
              92.765,
              24.735
            ],
            [
              92.835,
              24.735
            ],
            [
              92.835,
              24.805
            ],
            [
              92.765,
              24.805
            ],
            [
              92.765,
              24.735
            ]
          ]
        ]
      },
      "properties": {
        "id": "z-silchar-21",
        "name": "Silchar foothills cell +0,-1",
        "corridor_id": "silchar",
        "state": "Assam",
        "district": "Cachar",
        "lon": 92.8,
        "lat": 24.77,
        "slope_class": 3,
        "elevation_m": 76,
        "soil_moisture": 0.564,
        "dist_drainage_km": 0.76,
        "lithology_proxy": 0.517,
        "prior_landslide_density": 0.0,
        "ndvi_proxy": 0.565,
        "inhabited": true,
        "highway": true
      }
    },
    {
      "type": "Feature",
      "geometry": {
        "type": "Polygon",
        "coordinates": [
          [
            [
              92.765,
              24.794999999999998
            ],
            [
              92.835,
              24.794999999999998
            ],
            [
              92.835,
              24.865
            ],
            [
              92.765,
              24.865
            ],
            [
              92.765,
              24.794999999999998
            ]
          ]
        ]
      },
      "properties": {
        "id": "z-silchar-22",
        "name": "Silchar foothills cell +0,+0",
        "corridor_id": "silchar",
        "state": "Assam",
        "district": "Cachar",
        "lon": 92.8,
        "lat": 24.83,
        "slope_class": 3,
        "elevation_m": 122,
        "soil_moisture": 0.495,
        "dist_drainage_km": 0.09,
        "lithology_proxy": 0.356,
        "prior_landslide_density": 0.0,
        "ndvi_proxy": 0.484,
        "inhabited": true,
        "highway": true
      }
    },
    {
      "type": "Feature",
      "geometry": {
        "type": "Polygon",
        "coordinates": [
          [
            [
              92.765,
              24.854999999999997
            ],
            [
              92.835,
              24.854999999999997
            ],
            [
              92.835,
              24.924999999999997
            ],
            [
              92.765,
              24.924999999999997
            ],
            [
              92.765,
              24.854999999999997
            ]
          ]
        ]
      },
      "properties": {
        "id": "z-silchar-23",
        "name": "Silchar foothills cell +0,+1",
        "corridor_id": "silchar",
        "state": "Assam",
        "district": "Cachar",
        "lon": 92.8,
        "lat": 24.89,
        "slope_class": 4,
        "elevation_m": 232,
        "soil_moisture": 0.56,
        "dist_drainage_km": 0.67,
        "lithology_proxy": 0.376,
        "prior_landslide_density": 0.0,
        "ndvi_proxy": 0.599,
        "inhabited": true,
        "highway": true
      }
    },
    {
      "type": "Feature",
      "geometry": {
        "type": "Polygon",
        "coordinates": [
          [
            [
              92.765,
              24.915
            ],
            [
              92.835,
              24.915
            ],
            [
              92.835,
              24.985
            ],
            [
              92.765,
              24.985
            ],
            [
              92.765,
              24.915
            ]
          ]
        ]
      },
      "properties": {
        "id": "z-silchar-24",
        "name": "Silchar foothills cell +0,+2",
        "corridor_id": "silchar",
        "state": "Assam",
        "district": "Cachar",
        "lon": 92.8,
        "lat": 24.95,
        "slope_class": 2,
        "elevation_m": 336,
        "soil_moisture": 0.455,
        "dist_drainage_km": 1.36,
        "lithology_proxy": 0.355,
        "prior_landslide_density": 0.0,
        "ndvi_proxy": 0.607,
        "inhabited": true,
        "highway": false
      }
    },
    {
      "type": "Feature",
      "geometry": {
        "type": "Polygon",
        "coordinates": [
          [
            [
              92.835,
              24.674999999999997
            ],
            [
              92.90499999999999,
              24.674999999999997
            ],
            [
              92.90499999999999,
              24.744999999999997
            ],
            [
              92.835,
              24.744999999999997
            ],
            [
              92.835,
              24.674999999999997
            ]
          ]
        ]
      },
      "properties": {
        "id": "z-silchar-30",
        "name": "Silchar foothills cell +1,-2",
        "corridor_id": "silchar",
        "state": "Assam",
        "district": "Cachar",
        "lon": 92.87,
        "lat": 24.71,
        "slope_class": 3,
        "elevation_m": 20,
        "soil_moisture": 0.438,
        "dist_drainage_km": 2.18,
        "lithology_proxy": 0.426,
        "prior_landslide_density": 0.0,
        "ndvi_proxy": 0.435,
        "inhabited": true,
        "highway": false
      }
    },
    {
      "type": "Feature",
      "geometry": {
        "type": "Polygon",
        "coordinates": [
          [
            [
              92.835,
              24.735
            ],
            [
              92.90499999999999,
              24.735
            ],
            [
              92.90499999999999,
              24.805
            ],
            [
              92.835,
              24.805
            ],
            [
              92.835,
              24.735
            ]
          ]
        ]
      },
      "properties": {
        "id": "z-silchar-31",
        "name": "Silchar foothills cell +1,-1",
        "corridor_id": "silchar",
        "state": "Assam",
        "district": "Cachar",
        "lon": 92.87,
        "lat": 24.77,
        "slope_class": 3,
        "elevation_m": 23,
        "soil_moisture": 0.487,
        "dist_drainage_km": 1.7,
        "lithology_proxy": 0.5,
        "prior_landslide_density": 0.0,
        "ndvi_proxy": 0.683,
        "inhabited": true,
        "highway": true
      }
    },
    {
      "type": "Feature",
      "geometry": {
        "type": "Polygon",
        "coordinates": [
          [
            [
              92.835,
              24.794999999999998
            ],
            [
              92.90499999999999,
              24.794999999999998
            ],
            [
              92.90499999999999,
              24.865
            ],
            [
              92.835,
              24.865
            ],
            [
              92.835,
              24.794999999999998
            ]
          ]
        ]
      },
      "properties": {
        "id": "z-silchar-32",
        "name": "Silchar foothills cell +1,+0",
        "corridor_id": "silchar",
        "state": "Assam",
        "district": "Cachar",
        "lon": 92.87,
        "lat": 24.83,
        "slope_class": 3,
        "elevation_m": 166,
        "soil_moisture": 0.433,
        "dist_drainage_km": 0.83,
        "lithology_proxy": 0.458,
        "prior_landslide_density": 0.0,
        "ndvi_proxy": 0.75,
        "inhabited": true,
        "highway": true
      }
    },
    {
      "type": "Feature",
      "geometry": {
        "type": "Polygon",
        "coordinates": [
          [
            [
              92.835,
              24.854999999999997
            ],
            [
              92.90499999999999,
              24.854999999999997
            ],
            [
              92.90499999999999,
              24.924999999999997
            ],
            [
              92.835,
              24.924999999999997
            ],
            [
              92.835,
              24.854999999999997
            ]
          ]
        ]
      },
      "properties": {
        "id": "z-silchar-33",
        "name": "Silchar foothills cell +1,+1",
        "corridor_id": "silchar",
        "state": "Assam",
        "district": "Cachar",
        "lon": 92.87,
        "lat": 24.89,
        "slope_class": 3,
        "elevation_m": 168,
        "soil_moisture": 0.547,
        "dist_drainage_km": 1.66,
        "lithology_proxy": 0.48,
        "prior_landslide_density": 0.0,
        "ndvi_proxy": 0.652,
        "inhabited": true,
        "highway": true
      }
    },
    {
      "type": "Feature",
      "geometry": {
        "type": "Polygon",
        "coordinates": [
          [
            [
              92.835,
              24.915
            ],
            [
              92.90499999999999,
              24.915
            ],
            [
              92.90499999999999,
              24.985
            ],
            [
              92.835,
              24.985
            ],
            [
              92.835,
              24.915
            ]
          ]
        ]
      },
      "properties": {
        "id": "z-silchar-34",
        "name": "Silchar foothills cell +1,+2",
        "corridor_id": "silchar",
        "state": "Assam",
        "district": "Cachar",
        "lon": 92.87,
        "lat": 24.95,
        "slope_class": 3,
        "elevation_m": 245,
        "soil_moisture": 0.523,
        "dist_drainage_km": 2.34,
        "lithology_proxy": 0.398,
        "prior_landslide_density": 0.0,
        "ndvi_proxy": 0.539,
        "inhabited": true,
        "highway": false
      }
    },
    {
      "type": "Feature",
      "geometry": {
        "type": "Polygon",
        "coordinates": [
          [
            [
              92.905,
              24.674999999999997
            ],
            [
              92.975,
              24.674999999999997
            ],
            [
              92.975,
              24.744999999999997
            ],
            [
              92.905,
              24.744999999999997
            ],
            [
              92.905,
              24.674999999999997
            ]
          ]
        ]
      },
      "properties": {
        "id": "z-silchar-40",
        "name": "Silchar foothills cell +2,-2",
        "corridor_id": "silchar",
        "state": "Assam",
        "district": "Cachar",
        "lon": 92.94,
        "lat": 24.71,
        "slope_class": 2,
        "elevation_m": 20,
        "soil_moisture": 0.44,
        "dist_drainage_km": 3.18,
        "lithology_proxy": 0.401,
        "prior_landslide_density": 0.0,
        "ndvi_proxy": 0.498,
        "inhabited": false,
        "highway": false
      }
    },
    {
      "type": "Feature",
      "geometry": {
        "type": "Polygon",
        "coordinates": [
          [
            [
              92.905,
              24.735
            ],
            [
              92.975,
              24.735
            ],
            [
              92.975,
              24.805
            ],
            [
              92.905,
              24.805
            ],
            [
              92.905,
              24.735
            ]
          ]
        ]
      },
      "properties": {
        "id": "z-silchar-41",
        "name": "Silchar foothills cell +2,-1",
        "corridor_id": "silchar",
        "state": "Assam",
        "district": "Cachar",
        "lon": 92.94,
        "lat": 24.77,
        "slope_class": 2,
        "elevation_m": 79,
        "soil_moisture": 0.515,
        "dist_drainage_km": 2.53,
        "lithology_proxy": 0.372,
        "prior_landslide_density": 0.0,
        "ndvi_proxy": 0.36,
        "inhabited": true,
        "highway": false
      }
    },
    {
      "type": "Feature",
      "geometry": {
        "type": "Polygon",
        "coordinates": [
          [
            [
              92.905,
              24.794999999999998
            ],
            [
              92.975,
              24.794999999999998
            ],
            [
              92.975,
              24.865
            ],
            [
              92.905,
              24.865
            ],
            [
              92.905,
              24.794999999999998
            ]
          ]
        ]
      },
      "properties": {
        "id": "z-silchar-42",
        "name": "Silchar foothills cell +2,+0",
        "corridor_id": "silchar",
        "state": "Assam",
        "district": "Cachar",
        "lon": 92.94,
        "lat": 24.83,
        "slope_class": 3,
        "elevation_m": 133,
        "soil_moisture": 0.574,
        "dist_drainage_km": 1.87,
        "lithology_proxy": 0.429,
        "prior_landslide_density": 0.0,
        "ndvi_proxy": 0.636,
        "inhabited": true,
        "highway": false
      }
    },
    {
      "type": "Feature",
      "geometry": {
        "type": "Polygon",
        "coordinates": [
          [
            [
              92.905,
              24.854999999999997
            ],
            [
              92.975,
              24.854999999999997
            ],
            [
              92.975,
              24.924999999999997
            ],
            [
              92.905,
              24.924999999999997
            ],
            [
              92.905,
              24.854999999999997
            ]
          ]
        ]
      },
      "properties": {
        "id": "z-silchar-43",
        "name": "Silchar foothills cell +2,+1",
        "corridor_id": "silchar",
        "state": "Assam",
        "district": "Cachar",
        "lon": 92.94,
        "lat": 24.89,
        "slope_class": 2,
        "elevation_m": 215,
        "soil_moisture": 0.464,
        "dist_drainage_km": 2.48,
        "lithology_proxy": 0.37,
        "prior_landslide_density": 0.0,
        "ndvi_proxy": 0.659,
        "inhabited": true,
        "highway": false
      }
    },
    {
      "type": "Feature",
      "geometry": {
        "type": "Polygon",
        "coordinates": [
          [
            [
              92.905,
              24.915
            ],
            [
              92.975,
              24.915
            ],
            [
              92.975,
              24.985
            ],
            [
              92.905,
              24.985
            ],
            [
              92.905,
              24.915
            ]
          ]
        ]
      },
      "properties": {
        "id": "z-silchar-44",
        "name": "Silchar foothills cell +2,+2",
        "corridor_id": "silchar",
        "state": "Assam",
        "district": "Cachar",
        "lon": 92.94,
        "lat": 24.95,
        "slope_class": 2,
        "elevation_m": 321,
        "soil_moisture": 0.487,
        "dist_drainage_km": 3.19,
        "lithology_proxy": 0.419,
        "prior_landslide_density": 0.012,
        "ndvi_proxy": 0.521,
        "inhabited": false,
        "highway": false
      }
    },
    {
      "type": "Feature",
      "geometry": {
        "type": "Polygon",
        "coordinates": [
          [
            [
              92.545,
              23.575
            ],
            [
              92.615,
              23.575
            ],
            [
              92.615,
              23.645
            ],
            [
              92.545,
              23.645
            ],
            [
              92.545,
              23.575
            ]
          ]
        ]
      },
      "properties": {
        "id": "z-aizawl-00",
        "name": "Aizawl ridge cell -2,-2",
        "corridor_id": "aizawl",
        "state": "Mizoram",
        "district": "Aizawl",
        "lon": 92.58,
        "lat": 23.61,
        "slope_class": 5,
        "elevation_m": 918,
        "soil_moisture": 0.601,
        "dist_drainage_km": 3.0,
        "lithology_proxy": 0.87,
        "prior_landslide_density": 0.206,
        "ndvi_proxy": 0.679,
        "inhabited": false,
        "highway": false
      }
    },
    {
      "type": "Feature",
      "geometry": {
        "type": "Polygon",
        "coordinates": [
          [
            [
              92.545,
              23.635
            ],
            [
              92.615,
              23.635
            ],
            [
              92.615,
              23.705000000000002
            ],
            [
              92.545,
              23.705000000000002
            ],
            [
              92.545,
              23.635
            ]
          ]
        ]
      },
      "properties": {
        "id": "z-aizawl-01",
        "name": "Aizawl ridge cell -2,-1",
        "corridor_id": "aizawl",
        "state": "Mizoram",
        "district": "Aizawl",
        "lon": 92.58,
        "lat": 23.67,
        "slope_class": 4,
        "elevation_m": 1045,
        "soil_moisture": 0.585,
        "dist_drainage_km": 2.58,
        "lithology_proxy": 0.866,
        "prior_landslide_density": 0.338,
        "ndvi_proxy": 0.633,
        "inhabited": true,
        "highway": false
      }
    },
    {
      "type": "Feature",
      "geometry": {
        "type": "Polygon",
        "coordinates": [
          [
            [
              92.545,
              23.695
            ],
            [
              92.615,
              23.695
            ],
            [
              92.615,
              23.765
            ],
            [
              92.545,
              23.765
            ],
            [
              92.545,
              23.695
            ]
          ]
        ]
      },
      "properties": {
        "id": "z-aizawl-02",
        "name": "Aizawl ridge cell -2,+0",
        "corridor_id": "aizawl",
        "state": "Mizoram",
        "district": "Aizawl",
        "lon": 92.58,
        "lat": 23.73,
        "slope_class": 5,
        "elevation_m": 1092,
        "soil_moisture": 0.695,
        "dist_drainage_km": 1.89,
        "lithology_proxy": 0.754,
        "prior_landslide_density": 0.399,
        "ndvi_proxy": 0.673,
        "inhabited": true,
        "highway": false
      }
    },
    {
      "type": "Feature",
      "geometry": {
        "type": "Polygon",
        "coordinates": [
          [
            [
              92.545,
              23.755
            ],
            [
              92.615,
              23.755
            ],
            [
              92.615,
              23.825
            ],
            [
              92.545,
              23.825
            ],
            [
              92.545,
              23.755
            ]
          ]
        ]
      },
      "properties": {
        "id": "z-aizawl-03",
        "name": "Aizawl ridge cell -2,+1",
        "corridor_id": "aizawl",
        "state": "Mizoram",
        "district": "Aizawl",
        "lon": 92.58,
        "lat": 23.79,
        "slope_class": 5,
        "elevation_m": 1209,
        "soil_moisture": 0.66,
        "dist_drainage_km": 2.37,
        "lithology_proxy": 0.754,
        "prior_landslide_density": 0.368,
        "ndvi_proxy": 0.691,
        "inhabited": true,
        "highway": false
      }
    },
    {
      "type": "Feature",
      "geometry": {
        "type": "Polygon",
        "coordinates": [
          [
            [
              92.545,
              23.815
            ],
            [
              92.615,
              23.815
            ],
            [
              92.615,
              23.885
            ],
            [
              92.545,
              23.885
            ],
            [
              92.545,
              23.815
            ]
          ]
        ]
      },
      "properties": {
        "id": "z-aizawl-04",
        "name": "Aizawl ridge cell -2,+2",
        "corridor_id": "aizawl",
        "state": "Mizoram",
        "district": "Aizawl",
        "lon": 92.58,
        "lat": 23.85,
        "slope_class": 4,
        "elevation_m": 1265,
        "soil_moisture": 0.527,
        "dist_drainage_km": 3.15,
        "lithology_proxy": 0.793,
        "prior_landslide_density": 0.256,
        "ndvi_proxy": 0.594,
        "inhabited": false,
        "highway": false
      }
    },
    {
      "type": "Feature",
      "geometry": {
        "type": "Polygon",
        "coordinates": [
          [
            [
              92.61500000000001,
              23.575
            ],
            [
              92.685,
              23.575
            ],
            [
              92.685,
              23.645
            ],
            [
              92.61500000000001,
              23.645
            ],
            [
              92.61500000000001,
              23.575
            ]
          ]
        ]
      },
      "properties": {
        "id": "z-aizawl-10",
        "name": "Aizawl ridge cell -1,-2",
        "corridor_id": "aizawl",
        "state": "Mizoram",
        "district": "Aizawl",
        "lon": 92.65,
        "lat": 23.61,
        "slope_class": 5,
        "elevation_m": 953,
        "soil_moisture": 0.678,
        "dist_drainage_km": 2.01,
        "lithology_proxy": 0.736,
        "prior_landslide_density": 0.389,
        "ndvi_proxy": 0.435,
        "inhabited": true,
        "highway": false
      }
    },
    {
      "type": "Feature",
      "geometry": {
        "type": "Polygon",
        "coordinates": [
          [
            [
              92.61500000000001,
              23.635
            ],
            [
              92.685,
              23.635
            ],
            [
              92.685,
              23.705000000000002
            ],
            [
              92.61500000000001,
              23.705000000000002
            ],
            [
              92.61500000000001,
              23.635
            ]
          ]
        ]
      },
      "properties": {
        "id": "z-aizawl-11",
        "name": "Aizawl ridge cell -1,-1",
        "corridor_id": "aizawl",
        "state": "Mizoram",
        "district": "Aizawl",
        "lon": 92.65,
        "lat": 23.67,
        "slope_class": 5,
        "elevation_m": 1033,
        "soil_moisture": 0.639,
        "dist_drainage_km": 1.51,
        "lithology_proxy": 0.876,
        "prior_landslide_density": 0.575,
        "ndvi_proxy": 0.572,
        "inhabited": true,
        "highway": true
      }
    },
    {
      "type": "Feature",
      "geometry": {
        "type": "Polygon",
        "coordinates": [
          [
            [
              92.61500000000001,
              23.695
            ],
            [
              92.685,
              23.695
            ],
            [
              92.685,
              23.765
            ],
            [
              92.61500000000001,
              23.765
            ],
            [
              92.61500000000001,
              23.695
            ]
          ]
        ]
      },
      "properties": {
        "id": "z-aizawl-12",
        "name": "Aizawl ridge cell -1,+0",
        "corridor_id": "aizawl",
        "state": "Mizoram",
        "district": "Aizawl",
        "lon": 92.65,
        "lat": 23.73,
        "slope_class": 5,
        "elevation_m": 1080,
        "soil_moisture": 0.611,
        "dist_drainage_km": 0.9,
        "lithology_proxy": 0.811,
        "prior_landslide_density": 0.678,
        "ndvi_proxy": 0.446,
        "inhabited": true,
        "highway": true
      }
    },
    {
      "type": "Feature",
      "geometry": {
        "type": "Polygon",
        "coordinates": [
          [
            [
              92.61500000000001,
              23.755
            ],
            [
              92.685,
              23.755
            ],
            [
              92.685,
              23.825
            ],
            [
              92.61500000000001,
              23.825
            ],
            [
              92.61500000000001,
              23.755
            ]
          ]
        ]
      },
      "properties": {
        "id": "z-aizawl-13",
        "name": "Aizawl ridge cell -1,+1",
        "corridor_id": "aizawl",
        "state": "Mizoram",
        "district": "Aizawl",
        "lon": 92.65,
        "lat": 23.79,
        "slope_class": 5,
        "elevation_m": 1232,
        "soil_moisture": 0.617,
        "dist_drainage_km": 1.68,
        "lithology_proxy": 0.703,
        "prior_landslide_density": 0.623,
        "ndvi_proxy": 0.468,
        "inhabited": true,
        "highway": true
      }
    },
    {
      "type": "Feature",
      "geometry": {
        "type": "Polygon",
        "coordinates": [
          [
            [
              92.61500000000001,
              23.815
            ],
            [
              92.685,
              23.815
            ],
            [
              92.685,
              23.885
            ],
            [
              92.61500000000001,
              23.885
            ],
            [
              92.61500000000001,
              23.815
            ]
          ]
        ]
      },
      "properties": {
        "id": "z-aizawl-14",
        "name": "Aizawl ridge cell -1,+2",
        "corridor_id": "aizawl",
        "state": "Mizoram",
        "district": "Aizawl",
        "lon": 92.65,
        "lat": 23.85,
        "slope_class": 5,
        "elevation_m": 1318,
        "soil_moisture": 0.65,
        "dist_drainage_km": 2.1,
        "lithology_proxy": 0.774,
        "prior_landslide_density": 0.456,
        "ndvi_proxy": 0.571,
        "inhabited": true,
        "highway": false
      }
    },
    {
      "type": "Feature",
      "geometry": {
        "type": "Polygon",
        "coordinates": [
          [
            [
              92.685,
              23.575
            ],
            [
              92.755,
              23.575
            ],
            [
              92.755,
              23.645
            ],
            [
              92.685,
              23.645
            ],
            [
              92.685,
              23.575
            ]
          ]
        ]
      },
      "properties": {
        "id": "z-aizawl-20",
        "name": "Aizawl ridge cell +0,-2",
        "corridor_id": "aizawl",
        "state": "Mizoram",
        "district": "Aizawl",
        "lon": 92.72,
        "lat": 23.61,
        "slope_class": 5,
        "elevation_m": 964,
        "soil_moisture": 0.633,
        "dist_drainage_km": 1.6,
        "lithology_proxy": 0.77,
        "prior_landslide_density": 0.478,
        "ndvi_proxy": 0.531,
        "inhabited": true,
        "highway": false
      }
    },
    {
      "type": "Feature",
      "geometry": {
        "type": "Polygon",
        "coordinates": [
          [
            [
              92.685,
              23.635
            ],
            [
              92.755,
              23.635
            ],
            [
              92.755,
              23.705000000000002
            ],
            [
              92.685,
              23.705000000000002
            ],
            [
              92.685,
              23.635
            ]
          ]
        ]
      },
      "properties": {
        "id": "z-aizawl-21",
        "name": "Aizawl ridge cell +0,-1",
        "corridor_id": "aizawl",
        "state": "Mizoram",
        "district": "Aizawl",
        "lon": 92.72,
        "lat": 23.67,
        "slope_class": 5,
        "elevation_m": 1022,
        "soil_moisture": 0.658,
        "dist_drainage_km": 0.69,
        "lithology_proxy": 0.763,
        "prior_landslide_density": 0.717,
        "ndvi_proxy": 0.647,
        "inhabited": true,
        "highway": true
      }
    },
    {
      "type": "Feature",
      "geometry": {
        "type": "Polygon",
        "coordinates": [
          [
            [
              92.685,
              23.695
            ],
            [
              92.755,
              23.695
            ],
            [
              92.755,
              23.765
            ],
            [
              92.685,
              23.765
            ],
            [
              92.685,
              23.695
            ]
          ]
        ]
      },
      "properties": {
        "id": "z-aizawl-22",
        "name": "Aizawl ridge cell +0,+0",
        "corridor_id": "aizawl",
        "state": "Mizoram",
        "district": "Aizawl",
        "lon": 92.72,
        "lat": 23.73,
        "slope_class": 5,
        "elevation_m": 1094,
        "soil_moisture": 0.623,
        "dist_drainage_km": 0.09,
        "lithology_proxy": 0.845,
        "prior_landslide_density": 0.943,
        "ndvi_proxy": 0.741,
        "inhabited": true,
        "highway": true
      }
    },
    {
      "type": "Feature",
      "geometry": {
        "type": "Polygon",
        "coordinates": [
          [
            [
              92.685,
              23.755
            ],
            [
              92.755,
              23.755
            ],
            [
              92.755,
              23.825
            ],
            [
              92.685,
              23.825
            ],
            [
              92.685,
              23.755
            ]
          ]
        ]
      },
      "properties": {
        "id": "z-aizawl-23",
        "name": "Aizawl ridge cell +0,+1",
        "corridor_id": "aizawl",
        "state": "Mizoram",
        "district": "Aizawl",
        "lon": 92.72,
        "lat": 23.79,
        "slope_class": 5,
        "elevation_m": 1162,
        "soil_moisture": 0.594,
        "dist_drainage_km": 0.93,
        "lithology_proxy": 0.772,
        "prior_landslide_density": 0.796,
        "ndvi_proxy": 0.471,
        "inhabited": true,
        "highway": true
      }
    },
    {
      "type": "Feature",
      "geometry": {
        "type": "Polygon",
        "coordinates": [
          [
            [
              92.685,
              23.815
            ],
            [
              92.755,
              23.815
            ],
            [
              92.755,
              23.885
            ],
            [
              92.685,
              23.885
            ],
            [
              92.685,
              23.815
            ]
          ]
        ]
      },
      "properties": {
        "id": "z-aizawl-24",
        "name": "Aizawl ridge cell +0,+2",
        "corridor_id": "aizawl",
        "state": "Mizoram",
        "district": "Aizawl",
        "lon": 92.72,
        "lat": 23.85,
        "slope_class": 5,
        "elevation_m": 1265,
        "soil_moisture": 0.558,
        "dist_drainage_km": 1.22,
        "lithology_proxy": 0.758,
        "prior_landslide_density": 0.558,
        "ndvi_proxy": 0.728,
        "inhabited": true,
        "highway": false
      }
    },
    {
      "type": "Feature",
      "geometry": {
        "type": "Polygon",
        "coordinates": [
          [
            [
              92.755,
              23.575
            ],
            [
              92.82499999999999,
              23.575
            ],
            [
              92.82499999999999,
              23.645
            ],
            [
              92.755,
              23.645
            ],
            [
              92.755,
              23.575
            ]
          ]
        ]
      },
      "properties": {
        "id": "z-aizawl-30",
        "name": "Aizawl ridge cell +1,-2",
        "corridor_id": "aizawl",
        "state": "Mizoram",
        "district": "Aizawl",
        "lon": 92.79,
        "lat": 23.61,
        "slope_class": 5,
        "elevation_m": 923,
        "soil_moisture": 0.636,
        "dist_drainage_km": 2.35,
        "lithology_proxy": 0.794,
        "prior_landslide_density": 0.427,
        "ndvi_proxy": 0.526,
        "inhabited": true,
        "highway": false
      }
    },
    {
      "type": "Feature",
      "geometry": {
        "type": "Polygon",
        "coordinates": [
          [
            [
              92.755,
              23.635
            ],
            [
              92.82499999999999,
              23.635
            ],
            [
              92.82499999999999,
              23.705000000000002
            ],
            [
              92.755,
              23.705000000000002
            ],
            [
              92.755,
              23.635
            ]
          ]
        ]
      },
      "properties": {
        "id": "z-aizawl-31",
        "name": "Aizawl ridge cell +1,-1",
        "corridor_id": "aizawl",
        "state": "Mizoram",
        "district": "Aizawl",
        "lon": 92.79,
        "lat": 23.67,
        "slope_class": 5,
        "elevation_m": 996,
        "soil_moisture": 0.679,
        "dist_drainage_km": 1.5,
        "lithology_proxy": 0.723,
        "prior_landslide_density": 0.631,
        "ndvi_proxy": 0.376,
        "inhabited": true,
        "highway": true
      }
    },
    {
      "type": "Feature",
      "geometry": {
        "type": "Polygon",
        "coordinates": [
          [
            [
              92.755,
              23.695
            ],
            [
              92.82499999999999,
              23.695
            ],
            [
              92.82499999999999,
              23.765
            ],
            [
              92.755,
              23.765
            ],
            [
              92.755,
              23.695
            ]
          ]
        ]
      },
      "properties": {
        "id": "z-aizawl-32",
        "name": "Aizawl ridge cell +1,+0",
        "corridor_id": "aizawl",
        "state": "Mizoram",
        "district": "Aizawl",
        "lon": 92.79,
        "lat": 23.73,
        "slope_class": 5,
        "elevation_m": 1079,
        "soil_moisture": 0.653,
        "dist_drainage_km": 1.03,
        "lithology_proxy": 0.73,
        "prior_landslide_density": 0.757,
        "ndvi_proxy": 0.674,
        "inhabited": true,
        "highway": true
      }
    },
    {
      "type": "Feature",
      "geometry": {
        "type": "Polygon",
        "coordinates": [
          [
            [
              92.755,
              23.755
            ],
            [
              92.82499999999999,
              23.755
            ],
            [
              92.82499999999999,
              23.825
            ],
            [
              92.755,
              23.825
            ],
            [
              92.755,
              23.755
            ]
          ]
        ]
      },
      "properties": {
        "id": "z-aizawl-33",
        "name": "Aizawl ridge cell +1,+1",
        "corridor_id": "aizawl",
        "state": "Mizoram",
        "district": "Aizawl",
        "lon": 92.79,
        "lat": 23.79,
        "slope_class": 5,
        "elevation_m": 1160,
        "soil_moisture": 0.568,
        "dist_drainage_km": 1.8,
        "lithology_proxy": 0.853,
        "prior_landslide_density": 0.688,
        "ndvi_proxy": 0.593,
        "inhabited": true,
        "highway": true
      }
    },
    {
      "type": "Feature",
      "geometry": {
        "type": "Polygon",
        "coordinates": [
          [
            [
              92.755,
              23.815
            ],
            [
              92.82499999999999,
              23.815
            ],
            [
              92.82499999999999,
              23.885
            ],
            [
              92.755,
              23.885
            ],
            [
              92.755,
              23.815
            ]
          ]
        ]
      },
      "properties": {
        "id": "z-aizawl-34",
        "name": "Aizawl ridge cell +1,+2",
        "corridor_id": "aizawl",
        "state": "Mizoram",
        "district": "Aizawl",
        "lon": 92.79,
        "lat": 23.85,
        "slope_class": 5,
        "elevation_m": 1329,
        "soil_moisture": 0.618,
        "dist_drainage_km": 2.21,
        "lithology_proxy": 0.789,
        "prior_landslide_density": 0.499,
        "ndvi_proxy": 0.694,
        "inhabited": true,
        "highway": false
      }
    },
    {
      "type": "Feature",
      "geometry": {
        "type": "Polygon",
        "coordinates": [
          [
            [
              92.825,
              23.575
            ],
            [
              92.895,
              23.575
            ],
            [
              92.895,
              23.645
            ],
            [
              92.825,
              23.645
            ],
            [
              92.825,
              23.575
            ]
          ]
        ]
      },
      "properties": {
        "id": "z-aizawl-40",
        "name": "Aizawl ridge cell +2,-2",
        "corridor_id": "aizawl",
        "state": "Mizoram",
        "district": "Aizawl",
        "lon": 92.86,
        "lat": 23.61,
        "slope_class": 5,
        "elevation_m": 949,
        "soil_moisture": 0.559,
        "dist_drainage_km": 3.03,
        "lithology_proxy": 0.892,
        "prior_landslide_density": 0.265,
        "ndvi_proxy": 0.39,
        "inhabited": false,
        "highway": false
      }
    },
    {
      "type": "Feature",
      "geometry": {
        "type": "Polygon",
        "coordinates": [
          [
            [
              92.825,
              23.635
            ],
            [
              92.895,
              23.635
            ],
            [
              92.895,
              23.705000000000002
            ],
            [
              92.825,
              23.705000000000002
            ],
            [
              92.825,
              23.635
            ]
          ]
        ]
      },
      "properties": {
        "id": "z-aizawl-41",
        "name": "Aizawl ridge cell +2,-1",
        "corridor_id": "aizawl",
        "state": "Mizoram",
        "district": "Aizawl",
        "lon": 92.86,
        "lat": 23.67,
        "slope_class": 5,
        "elevation_m": 1070,
        "soil_moisture": 0.649,
        "dist_drainage_km": 2.28,
        "lithology_proxy": 0.731,
        "prior_landslide_density": 0.409,
        "ndvi_proxy": 0.42,
        "inhabited": true,
        "highway": false
      }
    },
    {
      "type": "Feature",
      "geometry": {
        "type": "Polygon",
        "coordinates": [
          [
            [
              92.825,
              23.695
            ],
            [
              92.895,
              23.695
            ],
            [
              92.895,
              23.765
            ],
            [
              92.825,
              23.765
            ],
            [
              92.825,
              23.695
            ]
          ]
        ]
      },
      "properties": {
        "id": "z-aizawl-42",
        "name": "Aizawl ridge cell +2,+0",
        "corridor_id": "aizawl",
        "state": "Mizoram",
        "district": "Aizawl",
        "lon": 92.86,
        "lat": 23.73,
        "slope_class": 4,
        "elevation_m": 1090,
        "soil_moisture": 0.558,
        "dist_drainage_km": 1.6,
        "lithology_proxy": 0.819,
        "prior_landslide_density": 0.478,
        "ndvi_proxy": 0.467,
        "inhabited": true,
        "highway": false
      }
    },
    {
      "type": "Feature",
      "geometry": {
        "type": "Polygon",
        "coordinates": [
          [
            [
              92.825,
              23.755
            ],
            [
              92.895,
              23.755
            ],
            [
              92.895,
              23.825
            ],
            [
              92.825,
              23.825
            ],
            [
              92.825,
              23.755
            ]
          ]
        ]
      },
      "properties": {
        "id": "z-aizawl-43",
        "name": "Aizawl ridge cell +2,+1",
        "corridor_id": "aizawl",
        "state": "Mizoram",
        "district": "Aizawl",
        "lon": 92.86,
        "lat": 23.79,
        "slope_class": 5,
        "elevation_m": 1186,
        "soil_moisture": 0.655,
        "dist_drainage_km": 2.48,
        "lithology_proxy": 0.791,
        "prior_landslide_density": 0.443,
        "ndvi_proxy": 0.625,
        "inhabited": true,
        "highway": false
      }
    },
    {
      "type": "Feature",
      "geometry": {
        "type": "Polygon",
        "coordinates": [
          [
            [
              92.825,
              23.815
            ],
            [
              92.895,
              23.815
            ],
            [
              92.895,
              23.885
            ],
            [
              92.825,
              23.885
            ],
            [
              92.825,
              23.815
            ]
          ]
        ]
      },
      "properties": {
        "id": "z-aizawl-44",
        "name": "Aizawl ridge cell +2,+2",
        "corridor_id": "aizawl",
        "state": "Mizoram",
        "district": "Aizawl",
        "lon": 92.86,
        "lat": 23.85,
        "slope_class": 5,
        "elevation_m": 1330,
        "soil_moisture": 0.638,
        "dist_drainage_km": 3.12,
        "lithology_proxy": 0.861,
        "prior_landslide_density": 0.319,
        "ndvi_proxy": 0.429,
        "inhabited": false,
        "highway": false
      }
    },
    {
      "type": "Feature",
      "geometry": {
        "type": "Polygon",
        "coordinates": [
          [
            [
              93.935,
              25.515
            ],
            [
              94.005,
              25.515
            ],
            [
              94.005,
              25.585
            ],
            [
              93.935,
              25.585
            ],
            [
              93.935,
              25.515
            ]
          ]
        ]
      },
      "properties": {
        "id": "z-kohima-00",
        "name": "Kohima\u2013Dimapur cell -2,-2",
        "corridor_id": "kohima",
        "state": "Nagaland",
        "district": "Kohima",
        "lon": 93.97,
        "lat": 25.55,
        "slope_class": 3,
        "elevation_m": 1289,
        "soil_moisture": 0.452,
        "dist_drainage_km": 2.89,
        "lithology_proxy": 0.693,
        "prior_landslide_density": 0.32,
        "ndvi_proxy": 0.407,
        "inhabited": false,
        "highway": false
      }
    },
    {
      "type": "Feature",
      "geometry": {
        "type": "Polygon",
        "coordinates": [
          [
            [
              93.935,
              25.575000000000003
            ],
            [
              94.005,
              25.575000000000003
            ],
            [
              94.005,
              25.645000000000003
            ],
            [
              93.935,
              25.645000000000003
            ],
            [
              93.935,
              25.575000000000003
            ]
          ]
        ]
      },
      "properties": {
        "id": "z-kohima-01",
        "name": "Kohima\u2013Dimapur cell -2,-1",
        "corridor_id": "kohima",
        "state": "Nagaland",
        "district": "Kohima",
        "lon": 93.97,
        "lat": 25.61,
        "slope_class": 3,
        "elevation_m": 1321,
        "soil_moisture": 0.519,
        "dist_drainage_km": 2.52,
        "lithology_proxy": 0.805,
        "prior_landslide_density": 0.518,
        "ndvi_proxy": 0.718,
        "inhabited": true,
        "highway": false
      }
    },
    {
      "type": "Feature",
      "geometry": {
        "type": "Polygon",
        "coordinates": [
          [
            [
              93.935,
              25.635
            ],
            [
              94.005,
              25.635
            ],
            [
              94.005,
              25.705000000000002
            ],
            [
              93.935,
              25.705000000000002
            ],
            [
              93.935,
              25.635
            ]
          ]
        ]
      },
      "properties": {
        "id": "z-kohima-02",
        "name": "Kohima\u2013Dimapur cell -2,+0",
        "corridor_id": "kohima",
        "state": "Nagaland",
        "district": "Kohima",
        "lon": 93.97,
        "lat": 25.67,
        "slope_class": 5,
        "elevation_m": 1395,
        "soil_moisture": 0.596,
        "dist_drainage_km": 1.79,
        "lithology_proxy": 0.721,
        "prior_landslide_density": 0.658,
        "ndvi_proxy": 0.459,
        "inhabited": true,
        "highway": false
      }
    },
    {
      "type": "Feature",
      "geometry": {
        "type": "Polygon",
        "coordinates": [
          [
            [
              93.935,
              25.695
            ],
            [
              94.005,
              25.695
            ],
            [
              94.005,
              25.765
            ],
            [
              93.935,
              25.765
            ],
            [
              93.935,
              25.695
            ]
          ]
        ]
      },
      "properties": {
        "id": "z-kohima-03",
        "name": "Kohima\u2013Dimapur cell -2,+1",
        "corridor_id": "kohima",
        "state": "Nagaland",
        "district": "Kohima",
        "lon": 93.97,
        "lat": 25.73,
        "slope_class": 5,
        "elevation_m": 1516,
        "soil_moisture": 0.556,
        "dist_drainage_km": 2.23,
        "lithology_proxy": 0.726,
        "prior_landslide_density": 0.658,
        "ndvi_proxy": 0.479,
        "inhabited": true,
        "highway": false
      }
    },
    {
      "type": "Feature",
      "geometry": {
        "type": "Polygon",
        "coordinates": [
          [
            [
              93.935,
              25.755000000000003
            ],
            [
              94.005,
              25.755000000000003
            ],
            [
              94.005,
              25.825000000000003
            ],
            [
              93.935,
              25.825000000000003
            ],
            [
              93.935,
              25.755000000000003
            ]
          ]
        ]
      },
      "properties": {
        "id": "z-kohima-04",
        "name": "Kohima\u2013Dimapur cell -2,+2",
        "corridor_id": "kohima",
        "state": "Nagaland",
        "district": "Kohima",
        "lon": 93.97,
        "lat": 25.79,
        "slope_class": 4,
        "elevation_m": 1543,
        "soil_moisture": 0.634,
        "dist_drainage_km": 2.84,
        "lithology_proxy": 0.807,
        "prior_landslide_density": 0.518,
        "ndvi_proxy": 0.58,
        "inhabited": false,
        "highway": false
      }
    },
    {
      "type": "Feature",
      "geometry": {
        "type": "Polygon",
        "coordinates": [
          [
            [
              94.00500000000001,
              25.515
            ],
            [
              94.075,
              25.515
            ],
            [
              94.075,
              25.585
            ],
            [
              94.00500000000001,
              25.585
            ],
            [
              94.00500000000001,
              25.515
            ]
          ]
        ]
      },
      "properties": {
        "id": "z-kohima-10",
        "name": "Kohima\u2013Dimapur cell -1,-2",
        "corridor_id": "kohima",
        "state": "Nagaland",
        "district": "Kohima",
        "lon": 94.04,
        "lat": 25.55,
        "slope_class": 3,
        "elevation_m": 1317,
        "soil_moisture": 0.47,
        "dist_drainage_km": 2.27,
        "lithology_proxy": 0.648,
        "prior_landslide_density": 0.399,
        "ndvi_proxy": 0.653,
        "inhabited": true,
        "highway": false
      }
    },
    {
      "type": "Feature",
      "geometry": {
        "type": "Polygon",
        "coordinates": [
          [
            [
              94.00500000000001,
              25.575000000000003
            ],
            [
              94.075,
              25.575000000000003
            ],
            [
              94.075,
              25.645000000000003
            ],
            [
              94.00500000000001,
              25.645000000000003
            ],
            [
              94.00500000000001,
              25.575000000000003
            ]
          ]
        ]
      },
      "properties": {
        "id": "z-kohima-11",
        "name": "Kohima\u2013Dimapur cell -1,-1",
        "corridor_id": "kohima",
        "state": "Nagaland",
        "district": "Kohima",
        "lon": 94.04,
        "lat": 25.61,
        "slope_class": 5,
        "elevation_m": 1366,
        "soil_moisture": 0.687,
        "dist_drainage_km": 1.66,
        "lithology_proxy": 0.676,
        "prior_landslide_density": 0.638,
        "ndvi_proxy": 0.584,
        "inhabited": true,
        "highway": true
      }
    },
    {
      "type": "Feature",
      "geometry": {
        "type": "Polygon",
        "coordinates": [
          [
            [
              94.00500000000001,
              25.635
            ],
            [
              94.075,
              25.635
            ],
            [
              94.075,
              25.705000000000002
            ],
            [
              94.00500000000001,
              25.705000000000002
            ],
            [
              94.00500000000001,
              25.635
            ]
          ]
        ]
      },
      "properties": {
        "id": "z-kohima-12",
        "name": "Kohima\u2013Dimapur cell -1,+0",
        "corridor_id": "kohima",
        "state": "Nagaland",
        "district": "Kohima",
        "lon": 94.04,
        "lat": 25.67,
        "slope_class": 5,
        "elevation_m": 1391,
        "soil_moisture": 0.611,
        "dist_drainage_km": 0.99,
        "lithology_proxy": 0.704,
        "prior_landslide_density": 0.874,
        "ndvi_proxy": 0.392,
        "inhabited": true,
        "highway": true
      }
    },
    {
      "type": "Feature",
      "geometry": {
        "type": "Polygon",
        "coordinates": [
          [
            [
              94.00500000000001,
              25.695
            ],
            [
              94.075,
              25.695
            ],
            [
              94.075,
              25.765
            ],
            [
              94.00500000000001,
              25.765
            ],
            [
              94.00500000000001,
              25.695
            ]
          ]
        ]
      },
      "properties": {
        "id": "z-kohima-13",
        "name": "Kohima\u2013Dimapur cell -1,+1",
        "corridor_id": "kohima",
        "state": "Nagaland",
        "district": "Kohima",
        "lon": 94.04,
        "lat": 25.73,
        "slope_class": 4,
        "elevation_m": 1502,
        "soil_moisture": 0.564,
        "dist_drainage_km": 1.56,
        "lithology_proxy": 0.773,
        "prior_landslide_density": 0.874,
        "ndvi_proxy": 0.51,
        "inhabited": true,
        "highway": true
      }
    },
    {
      "type": "Feature",
      "geometry": {
        "type": "Polygon",
        "coordinates": [
          [
            [
              94.00500000000001,
              25.755000000000003
            ],
            [
              94.075,
              25.755000000000003
            ],
            [
              94.075,
              25.825000000000003
            ],
            [
              94.00500000000001,
              25.825000000000003
            ],
            [
              94.00500000000001,
              25.755000000000003
            ]
          ]
        ]
      },
      "properties": {
        "id": "z-kohima-14",
        "name": "Kohima\u2013Dimapur cell -1,+2",
        "corridor_id": "kohima",
        "state": "Nagaland",
        "district": "Kohima",
        "lon": 94.04,
        "lat": 25.79,
        "slope_class": 3,
        "elevation_m": 1598,
        "soil_moisture": 0.468,
        "dist_drainage_km": 2.04,
        "lithology_proxy": 0.663,
        "prior_landslide_density": 0.638,
        "ndvi_proxy": 0.659,
        "inhabited": true,
        "highway": false
      }
    },
    {
      "type": "Feature",
      "geometry": {
        "type": "Polygon",
        "coordinates": [
          [
            [
              94.075,
              25.515
            ],
            [
              94.145,
              25.515
            ],
            [
              94.145,
              25.585
            ],
            [
              94.075,
              25.585
            ],
            [
              94.075,
              25.515
            ]
          ]
        ]
      },
      "properties": {
        "id": "z-kohima-20",
        "name": "Kohima\u2013Dimapur cell +0,-2",
        "corridor_id": "kohima",
        "state": "Nagaland",
        "district": "Kohima",
        "lon": 94.11,
        "lat": 25.55,
        "slope_class": 3,
        "elevation_m": 1304,
        "soil_moisture": 0.499,
        "dist_drainage_km": 1.55,
        "lithology_proxy": 0.651,
        "prior_landslide_density": 0.354,
        "ndvi_proxy": 0.557,
        "inhabited": true,
        "highway": false
      }
    },
    {
      "type": "Feature",
      "geometry": {
        "type": "Polygon",
        "coordinates": [
          [
            [
              94.075,
              25.575000000000003
            ],
            [
              94.145,
              25.575000000000003
            ],
            [
              94.145,
              25.645000000000003
            ],
            [
              94.075,
              25.645000000000003
            ],
            [
              94.075,
              25.575000000000003
            ]
          ]
        ]
      },
      "properties": {
        "id": "z-kohima-21",
        "name": "Kohima\u2013Dimapur cell +0,-1",
        "corridor_id": "kohima",
        "state": "Nagaland",
        "district": "Kohima",
        "lon": 94.11,
        "lat": 25.61,
        "slope_class": 5,
        "elevation_m": 1380,
        "soil_moisture": 0.558,
        "dist_drainage_km": 0.78,
        "lithology_proxy": 0.693,
        "prior_landslide_density": 0.567,
        "ndvi_proxy": 0.402,
        "inhabited": true,
        "highway": true
      }
    },
    {
      "type": "Feature",
      "geometry": {
        "type": "Polygon",
        "coordinates": [
          [
            [
              94.075,
              25.635
            ],
            [
              94.145,
              25.635
            ],
            [
              94.145,
              25.705000000000002
            ],
            [
              94.075,
              25.705000000000002
            ],
            [
              94.075,
              25.635
            ]
          ]
        ]
      },
      "properties": {
        "id": "z-kohima-22",
        "name": "Kohima\u2013Dimapur cell +0,+0",
        "corridor_id": "kohima",
        "state": "Nagaland",
        "district": "Kohima",
        "lon": 94.11,
        "lat": 25.67,
        "slope_class": 4,
        "elevation_m": 1436,
        "soil_moisture": 0.563,
        "dist_drainage_km": 0.35,
        "lithology_proxy": 0.646,
        "prior_landslide_density": 0.732,
        "ndvi_proxy": 0.602,
        "inhabited": true,
        "highway": true
      }
    },
    {
      "type": "Feature",
      "geometry": {
        "type": "Polygon",
        "coordinates": [
          [
            [
              94.075,
              25.695
            ],
            [
              94.145,
              25.695
            ],
            [
              94.145,
              25.765
            ],
            [
              94.075,
              25.765
            ],
            [
              94.075,
              25.695
            ]
          ]
        ]
      },
      "properties": {
        "id": "z-kohima-23",
        "name": "Kohima\u2013Dimapur cell +0,+1",
        "corridor_id": "kohima",
        "state": "Nagaland",
        "district": "Kohima",
        "lon": 94.11,
        "lat": 25.73,
        "slope_class": 4,
        "elevation_m": 1550,
        "soil_moisture": 0.573,
        "dist_drainage_km": 0.66,
        "lithology_proxy": 0.75,
        "prior_landslide_density": 0.732,
        "ndvi_proxy": 0.387,
        "inhabited": true,
        "highway": true
      }
    },
    {
      "type": "Feature",
      "geometry": {
        "type": "Polygon",
        "coordinates": [
          [
            [
              94.075,
              25.755000000000003
            ],
            [
              94.145,
              25.755000000000003
            ],
            [
              94.145,
              25.825000000000003
            ],
            [
              94.075,
              25.825000000000003
            ],
            [
              94.075,
              25.755000000000003
            ]
          ]
        ]
      },
      "properties": {
        "id": "z-kohima-24",
        "name": "Kohima\u2013Dimapur cell +0,+2",
        "corridor_id": "kohima",
        "state": "Nagaland",
        "district": "Kohima",
        "lon": 94.11,
        "lat": 25.79,
        "slope_class": 3,
        "elevation_m": 1599,
        "soil_moisture": 0.527,
        "dist_drainage_km": 1.58,
        "lithology_proxy": 0.671,
        "prior_landslide_density": 0.567,
        "ndvi_proxy": 0.723,
        "inhabited": true,
        "highway": false
      }
    },
    {
      "type": "Feature",
      "geometry": {
        "type": "Polygon",
        "coordinates": [
          [
            [
              94.145,
              25.515
            ],
            [
              94.21499999999999,
              25.515
            ],
            [
              94.21499999999999,
              25.585
            ],
            [
              94.145,
              25.585
            ],
            [
              94.145,
              25.515
            ]
          ]
        ]
      },
      "properties": {
        "id": "z-kohima-30",
        "name": "Kohima\u2013Dimapur cell +1,-2",
        "corridor_id": "kohima",
        "state": "Nagaland",
        "district": "Kohima",
        "lon": 94.18,
        "lat": 25.55,
        "slope_class": 4,
        "elevation_m": 1285,
        "soil_moisture": 0.552,
        "dist_drainage_km": 2.28,
        "lithology_proxy": 0.736,
        "prior_landslide_density": 0.206,
        "ndvi_proxy": 0.539,
        "inhabited": true,
        "highway": false
      }
    },
    {
      "type": "Feature",
      "geometry": {
        "type": "Polygon",
        "coordinates": [
          [
            [
              94.145,
              25.575000000000003
            ],
            [
              94.21499999999999,
              25.575000000000003
            ],
            [
              94.21499999999999,
              25.645000000000003
            ],
            [
              94.145,
              25.645000000000003
            ],
            [
              94.145,
              25.575000000000003
            ]
          ]
        ]
      },
      "properties": {
        "id": "z-kohima-31",
        "name": "Kohima\u2013Dimapur cell +1,-1",
        "corridor_id": "kohima",
        "state": "Nagaland",
        "district": "Kohima",
        "lon": 94.18,
        "lat": 25.61,
        "slope_class": 5,
        "elevation_m": 1370,
        "soil_moisture": 0.579,
        "dist_drainage_km": 1.46,
        "lithology_proxy": 0.76,
        "prior_landslide_density": 0.368,
        "ndvi_proxy": 0.649,
        "inhabited": true,
        "highway": true
      }
    },
    {
      "type": "Feature",
      "geometry": {
        "type": "Polygon",
        "coordinates": [
          [
            [
              94.145,
              25.635
            ],
            [
              94.21499999999999,
              25.635
            ],
            [
              94.21499999999999,
              25.705000000000002
            ],
            [
              94.145,
              25.705000000000002
            ],
            [
              94.145,
              25.635
            ]
          ]
        ]
      },
      "properties": {
        "id": "z-kohima-32",
        "name": "Kohima\u2013Dimapur cell +1,+0",
        "corridor_id": "kohima",
        "state": "Nagaland",
        "district": "Kohima",
        "lon": 94.18,
        "lat": 25.67,
        "slope_class": 4,
        "elevation_m": 1490,
        "soil_moisture": 0.606,
        "dist_drainage_km": 0.83,
        "lithology_proxy": 0.811,
        "prior_landslide_density": 0.466,
        "ndvi_proxy": 0.486,
        "inhabited": true,
        "highway": true
      }
    },
    {
      "type": "Feature",
      "geometry": {
        "type": "Polygon",
        "coordinates": [
          [
            [
              94.145,
              25.695
            ],
            [
              94.21499999999999,
              25.695
            ],
            [
              94.21499999999999,
              25.765
            ],
            [
              94.145,
              25.765
            ],
            [
              94.145,
              25.695
            ]
          ]
        ]
      },
      "properties": {
        "id": "z-kohima-33",
        "name": "Kohima\u2013Dimapur cell +1,+1",
        "corridor_id": "kohima",
        "state": "Nagaland",
        "district": "Kohima",
        "lon": 94.18,
        "lat": 25.73,
        "slope_class": 4,
        "elevation_m": 1565,
        "soil_moisture": 0.599,
        "dist_drainage_km": 1.4,
        "lithology_proxy": 0.807,
        "prior_landslide_density": 0.466,
        "ndvi_proxy": 0.582,
        "inhabited": true,
        "highway": true
      }
    },
    {
      "type": "Feature",
      "geometry": {
        "type": "Polygon",
        "coordinates": [
          [
            [
              94.145,
              25.755000000000003
            ],
            [
              94.21499999999999,
              25.755000000000003
            ],
            [
              94.21499999999999,
              25.825000000000003
            ],
            [
              94.145,
              25.825000000000003
            ],
            [
              94.145,
              25.755000000000003
            ]
          ]
        ]
      },
      "properties": {
        "id": "z-kohima-34",
        "name": "Kohima\u2013Dimapur cell +1,+2",
        "corridor_id": "kohima",
        "state": "Nagaland",
        "district": "Kohima",
        "lon": 94.18,
        "lat": 25.79,
        "slope_class": 5,
        "elevation_m": 1650,
        "soil_moisture": 0.631,
        "dist_drainage_km": 2.06,
        "lithology_proxy": 0.709,
        "prior_landslide_density": 0.368,
        "ndvi_proxy": 0.571,
        "inhabited": true,
        "highway": false
      }
    },
    {
      "type": "Feature",
      "geometry": {
        "type": "Polygon",
        "coordinates": [
          [
            [
              94.215,
              25.515
            ],
            [
              94.285,
              25.515
            ],
            [
              94.285,
              25.585
            ],
            [
              94.215,
              25.585
            ],
            [
              94.215,
              25.515
            ]
          ]
        ]
      },
      "properties": {
        "id": "z-kohima-40",
        "name": "Kohima\u2013Dimapur cell +2,-2",
        "corridor_id": "kohima",
        "state": "Nagaland",
        "district": "Kohima",
        "lon": 94.25,
        "lat": 25.55,
        "slope_class": 5,
        "elevation_m": 1278,
        "soil_moisture": 0.68,
        "dist_drainage_km": 3.17,
        "lithology_proxy": 0.836,
        "prior_landslide_density": 0.0,
        "ndvi_proxy": 0.446,
        "inhabited": false,
        "highway": false
      }
    },
    {
      "type": "Feature",
      "geometry": {
        "type": "Polygon",
        "coordinates": [
          [
            [
              94.215,
              25.575000000000003
            ],
            [
              94.285,
              25.575000000000003
            ],
            [
              94.285,
              25.645000000000003
            ],
            [
              94.215,
              25.645000000000003
            ],
            [
              94.215,
              25.575000000000003
            ]
          ]
        ]
      },
      "properties": {
        "id": "z-kohima-41",
        "name": "Kohima\u2013Dimapur cell +2,-1",
        "corridor_id": "kohima",
        "state": "Nagaland",
        "district": "Kohima",
        "lon": 94.25,
        "lat": 25.61,
        "slope_class": 5,
        "elevation_m": 1329,
        "soil_moisture": 0.612,
        "dist_drainage_km": 2.54,
        "lithology_proxy": 0.704,
        "prior_landslide_density": 0.123,
        "ndvi_proxy": 0.539,
        "inhabited": true,
        "highway": false
      }
    },
    {
      "type": "Feature",
      "geometry": {
        "type": "Polygon",
        "coordinates": [
          [
            [
              94.215,
              25.635
            ],
            [
              94.285,
              25.635
            ],
            [
              94.285,
              25.705000000000002
            ],
            [
              94.215,
              25.705000000000002
            ],
            [
              94.215,
              25.635
            ]
          ]
        ]
      },
      "properties": {
        "id": "z-kohima-42",
        "name": "Kohima\u2013Dimapur cell +2,+0",
        "corridor_id": "kohima",
        "state": "Nagaland",
        "district": "Kohima",
        "lon": 94.25,
        "lat": 25.67,
        "slope_class": 5,
        "elevation_m": 1429,
        "soil_moisture": 0.669,
        "dist_drainage_km": 2.0,
        "lithology_proxy": 0.77,
        "prior_landslide_density": 0.191,
        "ndvi_proxy": 0.411,
        "inhabited": true,
        "highway": false
      }
    },
    {
      "type": "Feature",
      "geometry": {
        "type": "Polygon",
        "coordinates": [
          [
            [
              94.215,
              25.695
            ],
            [
              94.285,
              25.695
            ],
            [
              94.285,
              25.765
            ],
            [
              94.215,
              25.765
            ],
            [
              94.215,
              25.695
            ]
          ]
        ]
      },
      "properties": {
        "id": "z-kohima-43",
        "name": "Kohima\u2013Dimapur cell +2,+1",
        "corridor_id": "kohima",
        "state": "Nagaland",
        "district": "Kohima",
        "lon": 94.25,
        "lat": 25.73,
        "slope_class": 3,
        "elevation_m": 1476,
        "soil_moisture": 0.519,
        "dist_drainage_km": 2.4,
        "lithology_proxy": 0.814,
        "prior_landslide_density": 0.191,
        "ndvi_proxy": 0.7,
        "inhabited": true,
        "highway": false
      }
    },
    {
      "type": "Feature",
      "geometry": {
        "type": "Polygon",
        "coordinates": [
          [
            [
              94.215,
              25.755000000000003
            ],
            [
              94.285,
              25.755000000000003
            ],
            [
              94.285,
              25.825000000000003
            ],
            [
              94.215,
              25.825000000000003
            ],
            [
              94.215,
              25.755000000000003
            ]
          ]
        ]
      },
      "properties": {
        "id": "z-kohima-44",
        "name": "Kohima\u2013Dimapur cell +2,+2",
        "corridor_id": "kohima",
        "state": "Nagaland",
        "district": "Kohima",
        "lon": 94.25,
        "lat": 25.79,
        "slope_class": 5,
        "elevation_m": 1552,
        "soil_moisture": 0.619,
        "dist_drainage_km": 3.01,
        "lithology_proxy": 0.784,
        "prior_landslide_density": 0.123,
        "ndvi_proxy": 0.514,
        "inhabited": false,
        "highway": false
      }
    },
    {
      "type": "Feature",
      "geometry": {
        "type": "Polygon",
        "coordinates": [
          [
            [
              93.555,
              25.755
            ],
            [
              93.625,
              25.755
            ],
            [
              93.625,
              25.825
            ],
            [
              93.555,
              25.825
            ],
            [
              93.555,
              25.755
            ]
          ]
        ]
      },
      "properties": {
        "id": "z-dimapur-00",
        "name": "Dimapur plains edge cell -2,-2",
        "corridor_id": "dimapur",
        "state": "Nagaland",
        "district": "Dimapur",
        "lon": 93.59,
        "lat": 25.79,
        "slope_class": 2,
        "elevation_m": 20,
        "soil_moisture": 0.515,
        "dist_drainage_km": 2.99,
        "lithology_proxy": 0.288,
        "prior_landslide_density": 0.0,
        "ndvi_proxy": 0.627,
        "inhabited": false,
        "highway": false
      }
    },
    {
      "type": "Feature",
      "geometry": {
        "type": "Polygon",
        "coordinates": [
          [
            [
              93.555,
              25.815
            ],
            [
              93.625,
              25.815
            ],
            [
              93.625,
              25.885
            ],
            [
              93.555,
              25.885
            ],
            [
              93.555,
              25.815
            ]
          ]
        ]
      },
      "properties": {
        "id": "z-dimapur-01",
        "name": "Dimapur plains edge cell -2,-1",
        "corridor_id": "dimapur",
        "state": "Nagaland",
        "district": "Dimapur",
        "lon": 93.59,
        "lat": 25.85,
        "slope_class": 1,
        "elevation_m": 129,
        "soil_moisture": 0.411,
        "dist_drainage_km": 2.33,
        "lithology_proxy": 0.327,
        "prior_landslide_density": 0.0,
        "ndvi_proxy": 0.732,
        "inhabited": true,
        "highway": false
      }
    },
    {
      "type": "Feature",
      "geometry": {
        "type": "Polygon",
        "coordinates": [
          [
            [
              93.555,
              25.875
            ],
            [
              93.625,
              25.875
            ],
            [
              93.625,
              25.945
            ],
            [
              93.555,
              25.945
            ],
            [
              93.555,
              25.875
            ]
          ]
        ]
      },
      "properties": {
        "id": "z-dimapur-02",
        "name": "Dimapur plains edge cell -2,+0",
        "corridor_id": "dimapur",
        "state": "Nagaland",
        "district": "Dimapur",
        "lon": 93.59,
        "lat": 25.91,
        "slope_class": 3,
        "elevation_m": 211,
        "soil_moisture": 0.523,
        "dist_drainage_km": 1.82,
        "lithology_proxy": 0.267,
        "prior_landslide_density": 0.0,
        "ndvi_proxy": 0.624,
        "inhabited": true,
        "highway": false
      }
    },
    {
      "type": "Feature",
      "geometry": {
        "type": "Polygon",
        "coordinates": [
          [
            [
              93.555,
              25.935
            ],
            [
              93.625,
              25.935
            ],
            [
              93.625,
              26.005
            ],
            [
              93.555,
              26.005
            ],
            [
              93.555,
              25.935
            ]
          ]
        ]
      },
      "properties": {
        "id": "z-dimapur-03",
        "name": "Dimapur plains edge cell -2,+1",
        "corridor_id": "dimapur",
        "state": "Nagaland",
        "district": "Dimapur",
        "lon": 93.59,
        "lat": 25.97,
        "slope_class": 2,
        "elevation_m": 209,
        "soil_moisture": 0.435,
        "dist_drainage_km": 2.5,
        "lithology_proxy": 0.24,
        "prior_landslide_density": 0.0,
        "ndvi_proxy": 0.603,
        "inhabited": true,
        "highway": false
      }
    },
    {
      "type": "Feature",
      "geometry": {
        "type": "Polygon",
        "coordinates": [
          [
            [
              93.555,
              25.995
            ],
            [
              93.625,
              25.995
            ],
            [
              93.625,
              26.065
            ],
            [
              93.555,
              26.065
            ],
            [
              93.555,
              25.995
            ]
          ]
        ]
      },
      "properties": {
        "id": "z-dimapur-04",
        "name": "Dimapur plains edge cell -2,+2",
        "corridor_id": "dimapur",
        "state": "Nagaland",
        "district": "Dimapur",
        "lon": 93.59,
        "lat": 26.03,
        "slope_class": 1,
        "elevation_m": 316,
        "soil_moisture": 0.355,
        "dist_drainage_km": 2.87,
        "lithology_proxy": 0.226,
        "prior_landslide_density": 0.0,
        "ndvi_proxy": 0.48,
        "inhabited": false,
        "highway": false
      }
    },
    {
      "type": "Feature",
      "geometry": {
        "type": "Polygon",
        "coordinates": [
          [
            [
              93.62500000000001,
              25.755
            ],
            [
              93.69500000000001,
              25.755
            ],
            [
              93.69500000000001,
              25.825
            ],
            [
              93.62500000000001,
              25.825
            ],
            [
              93.62500000000001,
              25.755
            ]
          ]
        ]
      },
      "properties": {
        "id": "z-dimapur-10",
        "name": "Dimapur plains edge cell -1,-2",
        "corridor_id": "dimapur",
        "state": "Nagaland",
        "district": "Dimapur",
        "lon": 93.66,
        "lat": 25.79,
        "slope_class": 1,
        "elevation_m": 20,
        "soil_moisture": 0.375,
        "dist_drainage_km": 2.14,
        "lithology_proxy": 0.269,
        "prior_landslide_density": 0.0,
        "ndvi_proxy": 0.515,
        "inhabited": true,
        "highway": false
      }
    },
    {
      "type": "Feature",
      "geometry": {
        "type": "Polygon",
        "coordinates": [
          [
            [
              93.62500000000001,
              25.815
            ],
            [
              93.69500000000001,
              25.815
            ],
            [
              93.69500000000001,
              25.885
            ],
            [
              93.62500000000001,
              25.885
            ],
            [
              93.62500000000001,
              25.815
            ]
          ]
        ]
      },
      "properties": {
        "id": "z-dimapur-11",
        "name": "Dimapur plains edge cell -1,-1",
        "corridor_id": "dimapur",
        "state": "Nagaland",
        "district": "Dimapur",
        "lon": 93.66,
        "lat": 25.85,
        "slope_class": 2,
        "elevation_m": 41,
        "soil_moisture": 0.461,
        "dist_drainage_km": 1.47,
        "lithology_proxy": 0.297,
        "prior_landslide_density": 0.0,
        "ndvi_proxy": 0.623,
        "inhabited": true,
        "highway": true
      }
    },
    {
      "type": "Feature",
      "geometry": {
        "type": "Polygon",
        "coordinates": [
          [
            [
              93.62500000000001,
              25.875
            ],
            [
              93.69500000000001,
              25.875
            ],
            [
              93.69500000000001,
              25.945
            ],
            [
              93.62500000000001,
              25.945
            ],
            [
              93.62500000000001,
              25.875
            ]
          ]
        ]
      },
      "properties": {
        "id": "z-dimapur-12",
        "name": "Dimapur plains edge cell -1,+0",
        "corridor_id": "dimapur",
        "state": "Nagaland",
        "district": "Dimapur",
        "lon": 93.66,
        "lat": 25.91,
        "slope_class": 3,
        "elevation_m": 216,
        "soil_moisture": 0.465,
        "dist_drainage_km": 1.03,
        "lithology_proxy": 0.348,
        "prior_landslide_density": 0.0,
        "ndvi_proxy": 0.534,
        "inhabited": true,
        "highway": true
      }
    },
    {
      "type": "Feature",
      "geometry": {
        "type": "Polygon",
        "coordinates": [
          [
            [
              93.62500000000001,
              25.935
            ],
            [
              93.69500000000001,
              25.935
            ],
            [
              93.69500000000001,
              26.005
            ],
            [
              93.62500000000001,
              26.005
            ],
            [
              93.62500000000001,
              25.935
            ]
          ]
        ]
      },
      "properties": {
        "id": "z-dimapur-13",
        "name": "Dimapur plains edge cell -1,+1",
        "corridor_id": "dimapur",
        "state": "Nagaland",
        "district": "Dimapur",
        "lon": 93.66,
        "lat": 25.97,
        "slope_class": 1,
        "elevation_m": 295,
        "soil_moisture": 0.445,
        "dist_drainage_km": 1.72,
        "lithology_proxy": 0.356,
        "prior_landslide_density": 0.0,
        "ndvi_proxy": 0.413,
        "inhabited": true,
        "highway": true
      }
    },
    {
      "type": "Feature",
      "geometry": {
        "type": "Polygon",
        "coordinates": [
          [
            [
              93.62500000000001,
              25.995
            ],
            [
              93.69500000000001,
              25.995
            ],
            [
              93.69500000000001,
              26.065
            ],
            [
              93.62500000000001,
              26.065
            ],
            [
              93.62500000000001,
              25.995
            ]
          ]
        ]
      },
      "properties": {
        "id": "z-dimapur-14",
        "name": "Dimapur plains edge cell -1,+2",
        "corridor_id": "dimapur",
        "state": "Nagaland",
        "district": "Dimapur",
        "lon": 93.66,
        "lat": 26.03,
        "slope_class": 3,
        "elevation_m": 380,
        "soil_moisture": 0.518,
        "dist_drainage_km": 2.14,
        "lithology_proxy": 0.348,
        "prior_landslide_density": 0.0,
        "ndvi_proxy": 0.52,
        "inhabited": true,
        "highway": false
      }
    },
    {
      "type": "Feature",
      "geometry": {
        "type": "Polygon",
        "coordinates": [
          [
            [
              93.69500000000001,
              25.755
            ],
            [
              93.765,
              25.755
            ],
            [
              93.765,
              25.825
            ],
            [
              93.69500000000001,
              25.825
            ],
            [
              93.69500000000001,
              25.755
            ]
          ]
        ]
      },
      "properties": {
        "id": "z-dimapur-20",
        "name": "Dimapur plains edge cell +0,-2",
        "corridor_id": "dimapur",
        "state": "Nagaland",
        "district": "Dimapur",
        "lon": 93.73,
        "lat": 25.79,
        "slope_class": 2,
        "elevation_m": 20,
        "soil_moisture": 0.4,
        "dist_drainage_km": 1.54,
        "lithology_proxy": 0.297,
        "prior_landslide_density": 0.0,
        "ndvi_proxy": 0.543,
        "inhabited": true,
        "highway": false
      }
    },
    {
      "type": "Feature",
      "geometry": {
        "type": "Polygon",
        "coordinates": [
          [
            [
              93.69500000000001,
              25.815
            ],
            [
              93.765,
              25.815
            ],
            [
              93.765,
              25.885
            ],
            [
              93.69500000000001,
              25.885
            ],
            [
              93.69500000000001,
              25.815
            ]
          ]
        ]
      },
      "properties": {
        "id": "z-dimapur-21",
        "name": "Dimapur plains edge cell +0,-1",
        "corridor_id": "dimapur",
        "state": "Nagaland",
        "district": "Dimapur",
        "lon": 93.73,
        "lat": 25.85,
        "slope_class": 2,
        "elevation_m": 68,
        "soil_moisture": 0.456,
        "dist_drainage_km": 0.83,
        "lithology_proxy": 0.419,
        "prior_landslide_density": 0.0,
        "ndvi_proxy": 0.468,
        "inhabited": true,
        "highway": true
      }
    },
    {
      "type": "Feature",
      "geometry": {
        "type": "Polygon",
        "coordinates": [
          [
            [
              93.69500000000001,
              25.875
            ],
            [
              93.765,
              25.875
            ],
            [
              93.765,
              25.945
            ],
            [
              93.69500000000001,
              25.945
            ],
            [
              93.69500000000001,
              25.875
            ]
          ]
        ]
      },
      "properties": {
        "id": "z-dimapur-22",
        "name": "Dimapur plains edge cell +0,+0",
        "corridor_id": "dimapur",
        "state": "Nagaland",
        "district": "Dimapur",
        "lon": 93.73,
        "lat": 25.91,
        "slope_class": 3,
        "elevation_m": 135,
        "soil_moisture": 0.56,
        "dist_drainage_km": 0.0,
        "lithology_proxy": 0.376,
        "prior_landslide_density": 0.0,
        "ndvi_proxy": 0.739,
        "inhabited": true,
        "highway": true
      }
    },
    {
      "type": "Feature",
      "geometry": {
        "type": "Polygon",
        "coordinates": [
          [
            [
              93.69500000000001,
              25.935
            ],
            [
              93.765,
              25.935
            ],
            [
              93.765,
              26.005
            ],
            [
              93.69500000000001,
              26.005
            ],
            [
              93.69500000000001,
              25.935
            ]
          ]
        ]
      },
      "properties": {
        "id": "z-dimapur-23",
        "name": "Dimapur plains edge cell +0,+1",
        "corridor_id": "dimapur",
        "state": "Nagaland",
        "district": "Dimapur",
        "lon": 93.73,
        "lat": 25.97,
        "slope_class": 3,
        "elevation_m": 286,
        "soil_moisture": 0.473,
        "dist_drainage_km": 0.96,
        "lithology_proxy": 0.38,
        "prior_landslide_density": 0.0,
        "ndvi_proxy": 0.593,
        "inhabited": true,
        "highway": true
      }
    },
    {
      "type": "Feature",
      "geometry": {
        "type": "Polygon",
        "coordinates": [
          [
            [
              93.69500000000001,
              25.995
            ],
            [
              93.765,
              25.995
            ],
            [
              93.765,
              26.065
            ],
            [
              93.69500000000001,
              26.065
            ],
            [
              93.69500000000001,
              25.995
            ]
          ]
        ]
      },
      "properties": {
        "id": "z-dimapur-24",
        "name": "Dimapur plains edge cell +0,+2",
        "corridor_id": "dimapur",
        "state": "Nagaland",
        "district": "Dimapur",
        "lon": 93.73,
        "lat": 26.03,
        "slope_class": 2,
        "elevation_m": 288,
        "soil_moisture": 0.463,
        "dist_drainage_km": 1.45,
        "lithology_proxy": 0.356,
        "prior_landslide_density": 0.0,
        "ndvi_proxy": 0.638,
        "inhabited": true,
        "highway": false
      }
    },
    {
      "type": "Feature",
      "geometry": {
        "type": "Polygon",
        "coordinates": [
          [
            [
              93.765,
              25.755
            ],
            [
              93.835,
              25.755
            ],
            [
              93.835,
              25.825
            ],
            [
              93.765,
              25.825
            ],
            [
              93.765,
              25.755
            ]
          ]
        ]
      },
      "properties": {
        "id": "z-dimapur-30",
        "name": "Dimapur plains edge cell +1,-2",
        "corridor_id": "dimapur",
        "state": "Nagaland",
        "district": "Dimapur",
        "lon": 93.8,
        "lat": 25.79,
        "slope_class": 2,
        "elevation_m": 20,
        "soil_moisture": 0.464,
        "dist_drainage_km": 2.04,
        "lithology_proxy": 0.228,
        "prior_landslide_density": 0.0,
        "ndvi_proxy": 0.665,
        "inhabited": true,
        "highway": false
      }
    },
    {
      "type": "Feature",
      "geometry": {
        "type": "Polygon",
        "coordinates": [
          [
            [
              93.765,
              25.815
            ],
            [
              93.835,
              25.815
            ],
            [
              93.835,
              25.885
            ],
            [
              93.765,
              25.885
            ],
            [
              93.765,
              25.815
            ]
          ]
        ]
      },
      "properties": {
        "id": "z-dimapur-31",
        "name": "Dimapur plains edge cell +1,-1",
        "corridor_id": "dimapur",
        "state": "Nagaland",
        "district": "Dimapur",
        "lon": 93.8,
        "lat": 25.85,
        "slope_class": 1,
        "elevation_m": 94,
        "soil_moisture": 0.33,
        "dist_drainage_km": 1.55,
        "lithology_proxy": 0.402,
        "prior_landslide_density": 0.0,
        "ndvi_proxy": 0.481,
        "inhabited": true,
        "highway": true
      }
    },
    {
      "type": "Feature",
      "geometry": {
        "type": "Polygon",
        "coordinates": [
          [
            [
              93.765,
              25.875
            ],
            [
              93.835,
              25.875
            ],
            [
              93.835,
              25.945
            ],
            [
              93.765,
              25.945
            ],
            [
              93.765,
              25.875
            ]
          ]
        ]
      },
      "properties": {
        "id": "z-dimapur-32",
        "name": "Dimapur plains edge cell +1,+0",
        "corridor_id": "dimapur",
        "state": "Nagaland",
        "district": "Dimapur",
        "lon": 93.8,
        "lat": 25.91,
        "slope_class": 3,
        "elevation_m": 122,
        "soil_moisture": 0.548,
        "dist_drainage_km": 0.88,
        "lithology_proxy": 0.395,
        "prior_landslide_density": 0.0,
        "ndvi_proxy": 0.496,
        "inhabited": true,
        "highway": true
      }
    },
    {
      "type": "Feature",
      "geometry": {
        "type": "Polygon",
        "coordinates": [
          [
            [
              93.765,
              25.935
            ],
            [
              93.835,
              25.935
            ],
            [
              93.835,
              26.005
            ],
            [
              93.765,
              26.005
            ],
            [
              93.765,
              25.935
            ]
          ]
        ]
      },
      "properties": {
        "id": "z-dimapur-33",
        "name": "Dimapur plains edge cell +1,+1",
        "corridor_id": "dimapur",
        "state": "Nagaland",
        "district": "Dimapur",
        "lon": 93.8,
        "lat": 25.97,
        "slope_class": 2,
        "elevation_m": 286,
        "soil_moisture": 0.507,
        "dist_drainage_km": 1.47,
        "lithology_proxy": 0.409,
        "prior_landslide_density": 0.0,
        "ndvi_proxy": 0.737,
        "inhabited": true,
        "highway": true
      }
    },
    {
      "type": "Feature",
      "geometry": {
        "type": "Polygon",
        "coordinates": [
          [
            [
              93.765,
              25.995
            ],
            [
              93.835,
              25.995
            ],
            [
              93.835,
              26.065
            ],
            [
              93.765,
              26.065
            ],
            [
              93.765,
              25.995
            ]
          ]
        ]
      },
      "properties": {
        "id": "z-dimapur-34",
        "name": "Dimapur plains edge cell +1,+2",
        "corridor_id": "dimapur",
        "state": "Nagaland",
        "district": "Dimapur",
        "lon": 93.8,
        "lat": 26.03,
        "slope_class": 2,
        "elevation_m": 355,
        "soil_moisture": 0.491,
        "dist_drainage_km": 2.35,
        "lithology_proxy": 0.314,
        "prior_landslide_density": 0.0,
        "ndvi_proxy": 0.38,
        "inhabited": true,
        "highway": false
      }
    },
    {
      "type": "Feature",
      "geometry": {
        "type": "Polygon",
        "coordinates": [
          [
            [
              93.83500000000001,
              25.755
            ],
            [
              93.905,
              25.755
            ],
            [
              93.905,
              25.825
            ],
            [
              93.83500000000001,
              25.825
            ],
            [
              93.83500000000001,
              25.755
            ]
          ]
        ]
      },
      "properties": {
        "id": "z-dimapur-40",
        "name": "Dimapur plains edge cell +2,-2",
        "corridor_id": "dimapur",
        "state": "Nagaland",
        "district": "Dimapur",
        "lon": 93.87,
        "lat": 25.79,
        "slope_class": 2,
        "elevation_m": 50,
        "soil_moisture": 0.471,
        "dist_drainage_km": 3.07,
        "lithology_proxy": 0.299,
        "prior_landslide_density": 0.195,
        "ndvi_proxy": 0.688,
        "inhabited": false,
        "highway": false
      }
    },
    {
      "type": "Feature",
      "geometry": {
        "type": "Polygon",
        "coordinates": [
          [
            [
              93.83500000000001,
              25.815
            ],
            [
              93.905,
              25.815
            ],
            [
              93.905,
              25.885
            ],
            [
              93.83500000000001,
              25.885
            ],
            [
              93.83500000000001,
              25.815
            ]
          ]
        ]
      },
      "properties": {
        "id": "z-dimapur-41",
        "name": "Dimapur plains edge cell +2,-1",
        "corridor_id": "dimapur",
        "state": "Nagaland",
        "district": "Dimapur",
        "lon": 93.87,
        "lat": 25.85,
        "slope_class": 2,
        "elevation_m": 31,
        "soil_moisture": 0.372,
        "dist_drainage_km": 2.52,
        "lithology_proxy": 0.327,
        "prior_landslide_density": 0.063,
        "ndvi_proxy": 0.532,
        "inhabited": true,
        "highway": false
      }
    },
    {
      "type": "Feature",
      "geometry": {
        "type": "Polygon",
        "coordinates": [
          [
            [
              93.83500000000001,
              25.875
            ],
            [
              93.905,
              25.875
            ],
            [
              93.905,
              25.945
            ],
            [
              93.83500000000001,
              25.945
            ],
            [
              93.83500000000001,
              25.875
            ]
          ]
        ]
      },
      "properties": {
        "id": "z-dimapur-42",
        "name": "Dimapur plains edge cell +2,+0",
        "corridor_id": "dimapur",
        "state": "Nagaland",
        "district": "Dimapur",
        "lon": 93.87,
        "lat": 25.91,
        "slope_class": 2,
        "elevation_m": 174,
        "soil_moisture": 0.466,
        "dist_drainage_km": 1.75,
        "lithology_proxy": 0.294,
        "prior_landslide_density": 0.0,
        "ndvi_proxy": 0.62,
        "inhabited": true,
        "highway": false
      }
    },
    {
      "type": "Feature",
      "geometry": {
        "type": "Polygon",
        "coordinates": [
          [
            [
              93.83500000000001,
              25.935
            ],
            [
              93.905,
              25.935
            ],
            [
              93.905,
              26.005
            ],
            [
              93.83500000000001,
              26.005
            ],
            [
              93.83500000000001,
              25.935
            ]
          ]
        ]
      },
      "properties": {
        "id": "z-dimapur-43",
        "name": "Dimapur plains edge cell +2,+1",
        "corridor_id": "dimapur",
        "state": "Nagaland",
        "district": "Dimapur",
        "lon": 93.87,
        "lat": 25.97,
        "slope_class": 3,
        "elevation_m": 183,
        "soil_moisture": 0.571,
        "dist_drainage_km": 2.45,
        "lithology_proxy": 0.286,
        "prior_landslide_density": 0.0,
        "ndvi_proxy": 0.594,
        "inhabited": true,
        "highway": false
      }
    },
    {
      "type": "Feature",
      "geometry": {
        "type": "Polygon",
        "coordinates": [
          [
            [
              93.83500000000001,
              25.995
            ],
            [
              93.905,
              25.995
            ],
            [
              93.905,
              26.065
            ],
            [
              93.83500000000001,
              26.065
            ],
            [
              93.83500000000001,
              25.995
            ]
          ]
        ]
      },
      "properties": {
        "id": "z-dimapur-44",
        "name": "Dimapur plains edge cell +2,+2",
        "corridor_id": "dimapur",
        "state": "Nagaland",
        "district": "Dimapur",
        "lon": 93.87,
        "lat": 26.03,
        "slope_class": 1,
        "elevation_m": 341,
        "soil_moisture": 0.446,
        "dist_drainage_km": 3.13,
        "lithology_proxy": 0.28,
        "prior_landslide_density": 0.0,
        "ndvi_proxy": 0.513,
        "inhabited": false,
        "highway": false
      }
    },
    {
      "type": "Feature",
      "geometry": {
        "type": "Polygon",
        "coordinates": [
          [
            [
              91.69500000000001,
              27.435
            ],
            [
              91.765,
              27.435
            ],
            [
              91.765,
              27.505
            ],
            [
              91.69500000000001,
              27.505
            ],
            [
              91.69500000000001,
              27.435
            ]
          ]
        ]
      },
      "properties": {
        "id": "z-tawang-00",
        "name": "Tawang approach cell -2,-2",
        "corridor_id": "tawang",
        "state": "Arunachal Pradesh",
        "district": "Tawang",
        "lon": 91.73,
        "lat": 27.47,
        "slope_class": 5,
        "elevation_m": 2585,
        "soil_moisture": 0.596,
        "dist_drainage_km": 3.18,
        "lithology_proxy": 0.689,
        "prior_landslide_density": 0.231,
        "ndvi_proxy": 0.389,
        "inhabited": false,
        "highway": false
      }
    },
    {
      "type": "Feature",
      "geometry": {
        "type": "Polygon",
        "coordinates": [
          [
            [
              91.69500000000001,
              27.495
            ],
            [
              91.765,
              27.495
            ],
            [
              91.765,
              27.565
            ],
            [
              91.69500000000001,
              27.565
            ],
            [
              91.69500000000001,
              27.495
            ]
          ]
        ]
      },
      "properties": {
        "id": "z-tawang-01",
        "name": "Tawang approach cell -2,-1",
        "corridor_id": "tawang",
        "state": "Arunachal Pradesh",
        "district": "Tawang",
        "lon": 91.73,
        "lat": 27.53,
        "slope_class": 5,
        "elevation_m": 2709,
        "soil_moisture": 0.651,
        "dist_drainage_km": 2.38,
        "lithology_proxy": 0.739,
        "prior_landslide_density": 0.309,
        "ndvi_proxy": 0.728,
        "inhabited": true,
        "highway": false
      }
    },
    {
      "type": "Feature",
      "geometry": {
        "type": "Polygon",
        "coordinates": [
          [
            [
              91.69500000000001,
              27.555
            ],
            [
              91.765,
              27.555
            ],
            [
              91.765,
              27.625
            ],
            [
              91.69500000000001,
              27.625
            ],
            [
              91.69500000000001,
              27.555
            ]
          ]
        ]
      },
      "properties": {
        "id": "z-tawang-02",
        "name": "Tawang approach cell -2,+0",
        "corridor_id": "tawang",
        "state": "Arunachal Pradesh",
        "district": "Tawang",
        "lon": 91.73,
        "lat": 27.59,
        "slope_class": 5,
        "elevation_m": 2815,
        "soil_moisture": 0.573,
        "dist_drainage_km": 1.9,
        "lithology_proxy": 0.673,
        "prior_landslide_density": 0.309,
        "ndvi_proxy": 0.39,
        "inhabited": true,
        "highway": false
      }
    },
    {
      "type": "Feature",
      "geometry": {
        "type": "Polygon",
        "coordinates": [
          [
            [
              91.69500000000001,
              27.615
            ],
            [
              91.765,
              27.615
            ],
            [
              91.765,
              27.685
            ],
            [
              91.69500000000001,
              27.685
            ],
            [
              91.69500000000001,
              27.615
            ]
          ]
        ]
      },
      "properties": {
        "id": "z-tawang-03",
        "name": "Tawang approach cell -2,+1",
        "corridor_id": "tawang",
        "state": "Arunachal Pradesh",
        "district": "Tawang",
        "lon": 91.73,
        "lat": 27.65,
        "slope_class": 5,
        "elevation_m": 2898,
        "soil_moisture": 0.693,
        "dist_drainage_km": 2.36,
        "lithology_proxy": 0.597,
        "prior_landslide_density": 0.231,
        "ndvi_proxy": 0.498,
        "inhabited": true,
        "highway": false
      }
    },
    {
      "type": "Feature",
      "geometry": {
        "type": "Polygon",
        "coordinates": [
          [
            [
              91.69500000000001,
              27.675
            ],
            [
              91.765,
              27.675
            ],
            [
              91.765,
              27.745
            ],
            [
              91.69500000000001,
              27.745
            ],
            [
              91.69500000000001,
              27.675
            ]
          ]
        ]
      },
      "properties": {
        "id": "z-tawang-04",
        "name": "Tawang approach cell -2,+2",
        "corridor_id": "tawang",
        "state": "Arunachal Pradesh",
        "district": "Tawang",
        "lon": 91.73,
        "lat": 27.71,
        "slope_class": 5,
        "elevation_m": 2956,
        "soil_moisture": 0.678,
        "dist_drainage_km": 3.18,
        "lithology_proxy": 0.61,
        "prior_landslide_density": 0.093,
        "ndvi_proxy": 0.624,
        "inhabited": false,
        "highway": false
      }
    },
    {
      "type": "Feature",
      "geometry": {
        "type": "Polygon",
        "coordinates": [
          [
            [
              91.76500000000001,
              27.435
            ],
            [
              91.83500000000001,
              27.435
            ],
            [
              91.83500000000001,
              27.505
            ],
            [
              91.76500000000001,
              27.505
            ],
            [
              91.76500000000001,
              27.435
            ]
          ]
        ]
      },
      "properties": {
        "id": "z-tawang-10",
        "name": "Tawang approach cell -1,-2",
        "corridor_id": "tawang",
        "state": "Arunachal Pradesh",
        "district": "Tawang",
        "lon": 91.8,
        "lat": 27.47,
        "slope_class": 5,
        "elevation_m": 2587,
        "soil_moisture": 0.578,
        "dist_drainage_km": 2.16,
        "lithology_proxy": 0.614,
        "prior_landslide_density": 0.462,
        "ndvi_proxy": 0.689,
        "inhabited": true,
        "highway": false
      }
    },
    {
      "type": "Feature",
      "geometry": {
        "type": "Polygon",
        "coordinates": [
          [
            [
              91.76500000000001,
              27.495
            ],
            [
              91.83500000000001,
              27.495
            ],
            [
              91.83500000000001,
              27.565
            ],
            [
              91.76500000000001,
              27.565
            ],
            [
              91.76500000000001,
              27.495
            ]
          ]
        ]
      },
      "properties": {
        "id": "z-tawang-11",
        "name": "Tawang approach cell -1,-1",
        "corridor_id": "tawang",
        "state": "Arunachal Pradesh",
        "district": "Tawang",
        "lon": 91.8,
        "lat": 27.53,
        "slope_class": 5,
        "elevation_m": 2671,
        "soil_moisture": 0.646,
        "dist_drainage_km": 1.67,
        "lithology_proxy": 0.709,
        "prior_landslide_density": 0.582,
        "ndvi_proxy": 0.359,
        "inhabited": true,
        "highway": true
      }
    },
    {
      "type": "Feature",
      "geometry": {
        "type": "Polygon",
        "coordinates": [
          [
            [
              91.76500000000001,
              27.555
            ],
            [
              91.83500000000001,
              27.555
            ],
            [
              91.83500000000001,
              27.625
            ],
            [
              91.76500000000001,
              27.625
            ],
            [
              91.76500000000001,
              27.555
            ]
          ]
        ]
      },
      "properties": {
        "id": "z-tawang-12",
        "name": "Tawang approach cell -1,+0",
        "corridor_id": "tawang",
        "state": "Arunachal Pradesh",
        "district": "Tawang",
        "lon": 91.8,
        "lat": 27.59,
        "slope_class": 5,
        "elevation_m": 2771,
        "soil_moisture": 0.668,
        "dist_drainage_km": 1.2,
        "lithology_proxy": 0.631,
        "prior_landslide_density": 0.582,
        "ndvi_proxy": 0.682,
        "inhabited": true,
        "highway": true
      }
    },
    {
      "type": "Feature",
      "geometry": {
        "type": "Polygon",
        "coordinates": [
          [
            [
              91.76500000000001,
              27.615
            ],
            [
              91.83500000000001,
              27.615
            ],
            [
              91.83500000000001,
              27.685
            ],
            [
              91.76500000000001,
              27.685
            ],
            [
              91.76500000000001,
              27.615
            ]
          ]
        ]
      },
      "properties": {
        "id": "z-tawang-13",
        "name": "Tawang approach cell -1,+1",
        "corridor_id": "tawang",
        "state": "Arunachal Pradesh",
        "district": "Tawang",
        "lon": 91.8,
        "lat": 27.65,
        "slope_class": 5,
        "elevation_m": 2895,
        "soil_moisture": 0.68,
        "dist_drainage_km": 1.49,
        "lithology_proxy": 0.656,
        "prior_landslide_density": 0.462,
        "ndvi_proxy": 0.409,
        "inhabited": true,
        "highway": true
      }
    },
    {
      "type": "Feature",
      "geometry": {
        "type": "Polygon",
        "coordinates": [
          [
            [
              91.76500000000001,
              27.675
            ],
            [
              91.83500000000001,
              27.675
            ],
            [
              91.83500000000001,
              27.745
            ],
            [
              91.76500000000001,
              27.745
            ],
            [
              91.76500000000001,
              27.675
            ]
          ]
        ]
      },
      "properties": {
        "id": "z-tawang-14",
        "name": "Tawang approach cell -1,+2",
        "corridor_id": "tawang",
        "state": "Arunachal Pradesh",
        "district": "Tawang",
        "lon": 91.8,
        "lat": 27.71,
        "slope_class": 4,
        "elevation_m": 2935,
        "soil_moisture": 0.512,
        "dist_drainage_km": 2.34,
        "lithology_proxy": 0.616,
        "prior_landslide_density": 0.279,
        "ndvi_proxy": 0.45,
        "inhabited": true,
        "highway": false
      }
    },
    {
      "type": "Feature",
      "geometry": {
        "type": "Polygon",
        "coordinates": [
          [
            [
              91.83500000000001,
              27.435
            ],
            [
              91.905,
              27.435
            ],
            [
              91.905,
              27.505
            ],
            [
              91.83500000000001,
              27.505
            ],
            [
              91.83500000000001,
              27.435
            ]
          ]
        ]
      },
      "properties": {
        "id": "z-tawang-20",
        "name": "Tawang approach cell +0,-2",
        "corridor_id": "tawang",
        "state": "Arunachal Pradesh",
        "district": "Tawang",
        "lon": 91.87,
        "lat": 27.47,
        "slope_class": 5,
        "elevation_m": 2594,
        "soil_moisture": 0.554,
        "dist_drainage_km": 1.46,
        "lithology_proxy": 0.593,
        "prior_landslide_density": 0.621,
        "ndvi_proxy": 0.666,
        "inhabited": true,
        "highway": false
      }
    },
    {
      "type": "Feature",
      "geometry": {
        "type": "Polygon",
        "coordinates": [
          [
            [
              91.83500000000001,
              27.495
            ],
            [
              91.905,
              27.495
            ],
            [
              91.905,
              27.565
            ],
            [
              91.83500000000001,
              27.565
            ],
            [
              91.83500000000001,
              27.495
            ]
          ]
        ]
      },
      "properties": {
        "id": "z-tawang-21",
        "name": "Tawang approach cell +0,-1",
        "corridor_id": "tawang",
        "state": "Arunachal Pradesh",
        "district": "Tawang",
        "lon": 91.87,
        "lat": 27.53,
        "slope_class": 5,
        "elevation_m": 2735,
        "soil_moisture": 0.576,
        "dist_drainage_km": 0.73,
        "lithology_proxy": 0.6,
        "prior_landslide_density": 0.83,
        "ndvi_proxy": 0.647,
        "inhabited": true,
        "highway": true
      }
    },
    {
      "type": "Feature",
      "geometry": {
        "type": "Polygon",
        "coordinates": [
          [
            [
              91.83500000000001,
              27.555
            ],
            [
              91.905,
              27.555
            ],
            [
              91.905,
              27.625
            ],
            [
              91.83500000000001,
              27.625
            ],
            [
              91.83500000000001,
              27.555
            ]
          ]
        ]
      },
      "properties": {
        "id": "z-tawang-22",
        "name": "Tawang approach cell +0,+0",
        "corridor_id": "tawang",
        "state": "Arunachal Pradesh",
        "district": "Tawang",
        "lon": 91.87,
        "lat": 27.59,
        "slope_class": 4,
        "elevation_m": 2835,
        "soil_moisture": 0.557,
        "dist_drainage_km": 0.03,
        "lithology_proxy": 0.662,
        "prior_landslide_density": 0.83,
        "ndvi_proxy": 0.587,
        "inhabited": true,
        "highway": true
      }
    },
    {
      "type": "Feature",
      "geometry": {
        "type": "Polygon",
        "coordinates": [
          [
            [
              91.83500000000001,
              27.615
            ],
            [
              91.905,
              27.615
            ],
            [
              91.905,
              27.685
            ],
            [
              91.83500000000001,
              27.685
            ],
            [
              91.83500000000001,
              27.615
            ]
          ]
        ]
      },
      "properties": {
        "id": "z-tawang-23",
        "name": "Tawang approach cell +0,+1",
        "corridor_id": "tawang",
        "state": "Arunachal Pradesh",
        "district": "Tawang",
        "lon": 91.87,
        "lat": 27.65,
        "slope_class": 5,
        "elevation_m": 2884,
        "soil_moisture": 0.642,
        "dist_drainage_km": 0.69,
        "lithology_proxy": 0.735,
        "prior_landslide_density": 0.621,
        "ndvi_proxy": 0.714,
        "inhabited": true,
        "highway": true
      }
    },
    {
      "type": "Feature",
      "geometry": {
        "type": "Polygon",
        "coordinates": [
          [
            [
              91.83500000000001,
              27.675
            ],
            [
              91.905,
              27.675
            ],
            [
              91.905,
              27.745
            ],
            [
              91.83500000000001,
              27.745
            ],
            [
              91.83500000000001,
              27.675
            ]
          ]
        ]
      },
      "properties": {
        "id": "z-tawang-24",
        "name": "Tawang approach cell +0,+2",
        "corridor_id": "tawang",
        "state": "Arunachal Pradesh",
        "district": "Tawang",
        "lon": 91.87,
        "lat": 27.71,
        "slope_class": 5,
        "elevation_m": 2958,
        "soil_moisture": 0.555,
        "dist_drainage_km": 1.46,
        "lithology_proxy": 0.79,
        "prior_landslide_density": 0.388,
        "ndvi_proxy": 0.689,
        "inhabited": true,
        "highway": false
      }
    },
    {
      "type": "Feature",
      "geometry": {
        "type": "Polygon",
        "coordinates": [
          [
            [
              91.905,
              27.435
            ],
            [
              91.975,
              27.435
            ],
            [
              91.975,
              27.505
            ],
            [
              91.905,
              27.505
            ],
            [
              91.905,
              27.435
            ]
          ]
        ]
      },
      "properties": {
        "id": "z-tawang-30",
        "name": "Tawang approach cell +1,-2",
        "corridor_id": "tawang",
        "state": "Arunachal Pradesh",
        "district": "Tawang",
        "lon": 91.94,
        "lat": 27.47,
        "slope_class": 5,
        "elevation_m": 2667,
        "soil_moisture": 0.657,
        "dist_drainage_km": 2.04,
        "lithology_proxy": 0.679,
        "prior_landslide_density": 0.606,
        "ndvi_proxy": 0.71,
        "inhabited": true,
        "highway": false
      }
    },
    {
      "type": "Feature",
      "geometry": {
        "type": "Polygon",
        "coordinates": [
          [
            [
              91.905,
              27.495
            ],
            [
              91.975,
              27.495
            ],
            [
              91.975,
              27.565
            ],
            [
              91.905,
              27.565
            ],
            [
              91.905,
              27.495
            ]
          ]
        ]
      },
      "properties": {
        "id": "z-tawang-31",
        "name": "Tawang approach cell +1,-1",
        "corridor_id": "tawang",
        "state": "Arunachal Pradesh",
        "district": "Tawang",
        "lon": 91.94,
        "lat": 27.53,
        "slope_class": 5,
        "elevation_m": 2737,
        "soil_moisture": 0.569,
        "dist_drainage_km": 1.46,
        "lithology_proxy": 0.715,
        "prior_landslide_density": 0.8,
        "ndvi_proxy": 0.584,
        "inhabited": true,
        "highway": true
      }
    },
    {
      "type": "Feature",
      "geometry": {
        "type": "Polygon",
        "coordinates": [
          [
            [
              91.905,
              27.555
            ],
            [
              91.975,
              27.555
            ],
            [
              91.975,
              27.625
            ],
            [
              91.905,
              27.625
            ],
            [
              91.905,
              27.555
            ]
          ]
        ]
      },
      "properties": {
        "id": "z-tawang-32",
        "name": "Tawang approach cell +1,+0",
        "corridor_id": "tawang",
        "state": "Arunachal Pradesh",
        "district": "Tawang",
        "lon": 91.94,
        "lat": 27.59,
        "slope_class": 5,
        "elevation_m": 2788,
        "soil_moisture": 0.63,
        "dist_drainage_km": 1.2,
        "lithology_proxy": 0.681,
        "prior_landslide_density": 0.8,
        "ndvi_proxy": 0.592,
        "inhabited": true,
        "highway": true
      }
    },
    {
      "type": "Feature",
      "geometry": {
        "type": "Polygon",
        "coordinates": [
          [
            [
              91.905,
              27.615
            ],
            [
              91.975,
              27.615
            ],
            [
              91.975,
              27.685
            ],
            [
              91.905,
              27.685
            ],
            [
              91.905,
              27.615
            ]
          ]
        ]
      },
      "properties": {
        "id": "z-tawang-33",
        "name": "Tawang approach cell +1,+1",
        "corridor_id": "tawang",
        "state": "Arunachal Pradesh",
        "district": "Tawang",
        "lon": 91.94,
        "lat": 27.65,
        "slope_class": 4,
        "elevation_m": 2921,
        "soil_moisture": 0.618,
        "dist_drainage_km": 1.68,
        "lithology_proxy": 0.72,
        "prior_landslide_density": 0.606,
        "ndvi_proxy": 0.658,
        "inhabited": true,
        "highway": true
      }
    },
    {
      "type": "Feature",
      "geometry": {
        "type": "Polygon",
        "coordinates": [
          [
            [
              91.905,
              27.675
            ],
            [
              91.975,
              27.675
            ],
            [
              91.975,
              27.745
            ],
            [
              91.905,
              27.745
            ],
            [
              91.905,
              27.675
            ]
          ]
        ]
      },
      "properties": {
        "id": "z-tawang-34",
        "name": "Tawang approach cell +1,+2",
        "corridor_id": "tawang",
        "state": "Arunachal Pradesh",
        "district": "Tawang",
        "lon": 91.94,
        "lat": 27.71,
        "slope_class": 5,
        "elevation_m": 2955,
        "soil_moisture": 0.584,
        "dist_drainage_km": 2.18,
        "lithology_proxy": 0.658,
        "prior_landslide_density": 0.379,
        "ndvi_proxy": 0.531,
        "inhabited": true,
        "highway": false
      }
    },
    {
      "type": "Feature",
      "geometry": {
        "type": "Polygon",
        "coordinates": [
          [
            [
              91.97500000000001,
              27.435
            ],
            [
              92.045,
              27.435
            ],
            [
              92.045,
              27.505
            ],
            [
              91.97500000000001,
              27.505
            ],
            [
              91.97500000000001,
              27.435
            ]
          ]
        ]
      },
      "properties": {
        "id": "z-tawang-40",
        "name": "Tawang approach cell +2,-2",
        "corridor_id": "tawang",
        "state": "Arunachal Pradesh",
        "district": "Tawang",
        "lon": 92.01,
        "lat": 27.47,
        "slope_class": 5,
        "elevation_m": 2673,
        "soil_moisture": 0.614,
        "dist_drainage_km": 2.84,
        "lithology_proxy": 0.723,
        "prior_landslide_density": 0.431,
        "ndvi_proxy": 0.5,
        "inhabited": false,
        "highway": false
      }
    },
    {
      "type": "Feature",
      "geometry": {
        "type": "Polygon",
        "coordinates": [
          [
            [
              91.97500000000001,
              27.495
            ],
            [
              92.045,
              27.495
            ],
            [
              92.045,
              27.565
            ],
            [
              91.97500000000001,
              27.565
            ],
            [
              91.97500000000001,
              27.495
            ]
          ]
        ]
      },
      "properties": {
        "id": "z-tawang-41",
        "name": "Tawang approach cell +2,-1",
        "corridor_id": "tawang",
        "state": "Arunachal Pradesh",
        "district": "Tawang",
        "lon": 92.01,
        "lat": 27.53,
        "slope_class": 5,
        "elevation_m": 2747,
        "soil_moisture": 0.56,
        "dist_drainage_km": 2.57,
        "lithology_proxy": 0.756,
        "prior_landslide_density": 0.544,
        "ndvi_proxy": 0.387,
        "inhabited": true,
        "highway": false
      }
    },
    {
      "type": "Feature",
      "geometry": {
        "type": "Polygon",
        "coordinates": [
          [
            [
              91.97500000000001,
              27.555
            ],
            [
              92.045,
              27.555
            ],
            [
              92.045,
              27.625
            ],
            [
              91.97500000000001,
              27.625
            ],
            [
              91.97500000000001,
              27.555
            ]
          ]
        ]
      },
      "properties": {
        "id": "z-tawang-42",
        "name": "Tawang approach cell +2,+0",
        "corridor_id": "tawang",
        "state": "Arunachal Pradesh",
        "district": "Tawang",
        "lon": 92.01,
        "lat": 27.59,
        "slope_class": 4,
        "elevation_m": 2835,
        "soil_moisture": 0.612,
        "dist_drainage_km": 1.9,
        "lithology_proxy": 0.701,
        "prior_landslide_density": 0.544,
        "ndvi_proxy": 0.585,
        "inhabited": true,
        "highway": false
      }
    },
    {
      "type": "Feature",
      "geometry": {
        "type": "Polygon",
        "coordinates": [
          [
            [
              91.97500000000001,
              27.615
            ],
            [
              92.045,
              27.615
            ],
            [
              92.045,
              27.685
            ],
            [
              91.97500000000001,
              27.685
            ],
            [
              91.97500000000001,
              27.615
            ]
          ]
        ]
      },
      "properties": {
        "id": "z-tawang-43",
        "name": "Tawang approach cell +2,+1",
        "corridor_id": "tawang",
        "state": "Arunachal Pradesh",
        "district": "Tawang",
        "lon": 92.01,
        "lat": 27.65,
        "slope_class": 5,
        "elevation_m": 2905,
        "soil_moisture": 0.603,
        "dist_drainage_km": 2.25,
        "lithology_proxy": 0.723,
        "prior_landslide_density": 0.431,
        "ndvi_proxy": 0.65,
        "inhabited": true,
        "highway": false
      }
    },
    {
      "type": "Feature",
      "geometry": {
        "type": "Polygon",
        "coordinates": [
          [
            [
              91.97500000000001,
              27.675
            ],
            [
              92.045,
              27.675
            ],
            [
              92.045,
              27.745
            ],
            [
              91.97500000000001,
              27.745
            ],
            [
              91.97500000000001,
              27.675
            ]
          ]
        ]
      },
      "properties": {
        "id": "z-tawang-44",
        "name": "Tawang approach cell +2,+2",
        "corridor_id": "tawang",
        "state": "Arunachal Pradesh",
        "district": "Tawang",
        "lon": 92.01,
        "lat": 27.71,
        "slope_class": 4,
        "elevation_m": 2936,
        "soil_moisture": 0.543,
        "dist_drainage_km": 3.04,
        "lithology_proxy": 0.706,
        "prior_landslide_density": 0.256,
        "ndvi_proxy": 0.435,
        "inhabited": false,
        "highway": false
      }
    },
    {
      "type": "Feature",
      "geometry": {
        "type": "Polygon",
        "coordinates": [
          [
            [
              93.44500000000001,
              26.924999999999997
            ],
            [
              93.515,
              26.924999999999997
            ],
            [
              93.515,
              26.994999999999997
            ],
            [
              93.44500000000001,
              26.994999999999997
            ],
            [
              93.44500000000001,
              26.924999999999997
            ]
          ]
        ]
      },
      "properties": {
        "id": "z-itanagar-00",
        "name": "Itanagar\u2013Ziro cell -2,-2",
        "corridor_id": "itanagar",
        "state": "Arunachal Pradesh",
        "district": "Papum Pare",
        "lon": 93.48,
        "lat": 26.96,
        "slope_class": 5,
        "elevation_m": 128,
        "soil_moisture": 0.603,
        "dist_drainage_km": 3.14,
        "lithology_proxy": 0.621,
        "prior_landslide_density": 0.179,
        "ndvi_proxy": 0.396,
        "inhabited": false,
        "highway": false
      }
    },
    {
      "type": "Feature",
      "geometry": {
        "type": "Polygon",
        "coordinates": [
          [
            [
              93.44500000000001,
              26.985
            ],
            [
              93.515,
              26.985
            ],
            [
              93.515,
              27.055
            ],
            [
              93.44500000000001,
              27.055
            ],
            [
              93.44500000000001,
              26.985
            ]
          ]
        ]
      },
      "properties": {
        "id": "z-itanagar-01",
        "name": "Itanagar\u2013Ziro cell -2,-1",
        "corridor_id": "itanagar",
        "state": "Arunachal Pradesh",
        "district": "Papum Pare",
        "lon": 93.48,
        "lat": 27.02,
        "slope_class": 4,
        "elevation_m": 253,
        "soil_moisture": 0.554,
        "dist_drainage_km": 2.29,
        "lithology_proxy": 0.622,
        "prior_landslide_density": 0.32,
        "ndvi_proxy": 0.657,
        "inhabited": true,
        "highway": false
      }
    },
    {
      "type": "Feature",
      "geometry": {
        "type": "Polygon",
        "coordinates": [
          [
            [
              93.44500000000001,
              27.044999999999998
            ],
            [
              93.515,
              27.044999999999998
            ],
            [
              93.515,
              27.115
            ],
            [
              93.44500000000001,
              27.115
            ],
            [
              93.44500000000001,
              27.044999999999998
            ]
          ]
        ]
      },
      "properties": {
        "id": "z-itanagar-02",
        "name": "Itanagar\u2013Ziro cell -2,+0",
        "corridor_id": "itanagar",
        "state": "Arunachal Pradesh",
        "district": "Papum Pare",
        "lon": 93.48,
        "lat": 27.08,
        "slope_class": 3,
        "elevation_m": 337,
        "soil_moisture": 0.554,
        "dist_drainage_km": 1.97,
        "lithology_proxy": 0.563,
        "prior_landslide_density": 0.395,
        "ndvi_proxy": 0.422,
        "inhabited": true,
        "highway": false
      }
    },
    {
      "type": "Feature",
      "geometry": {
        "type": "Polygon",
        "coordinates": [
          [
            [
              93.44500000000001,
              27.104999999999997
            ],
            [
              93.515,
              27.104999999999997
            ],
            [
              93.515,
              27.174999999999997
            ],
            [
              93.44500000000001,
              27.174999999999997
            ],
            [
              93.44500000000001,
              27.104999999999997
            ]
          ]
        ]
      },
      "properties": {
        "id": "z-itanagar-03",
        "name": "Itanagar\u2013Ziro cell -2,+1",
        "corridor_id": "itanagar",
        "state": "Arunachal Pradesh",
        "district": "Papum Pare",
        "lon": 93.48,
        "lat": 27.14,
        "slope_class": 4,
        "elevation_m": 457,
        "soil_moisture": 0.491,
        "dist_drainage_km": 2.34,
        "lithology_proxy": 0.684,
        "prior_landslide_density": 0.379,
        "ndvi_proxy": 0.577,
        "inhabited": true,
        "highway": false
      }
    },
    {
      "type": "Feature",
      "geometry": {
        "type": "Polygon",
        "coordinates": [
          [
            [
              93.44500000000001,
              27.165
            ],
            [
              93.515,
              27.165
            ],
            [
              93.515,
              27.235
            ],
            [
              93.44500000000001,
              27.235
            ],
            [
              93.44500000000001,
              27.165
            ]
          ]
        ]
      },
      "properties": {
        "id": "z-itanagar-04",
        "name": "Itanagar\u2013Ziro cell -2,+2",
        "corridor_id": "itanagar",
        "state": "Arunachal Pradesh",
        "district": "Papum Pare",
        "lon": 93.48,
        "lat": 27.2,
        "slope_class": 5,
        "elevation_m": 428,
        "soil_moisture": 0.645,
        "dist_drainage_km": 2.86,
        "lithology_proxy": 0.516,
        "prior_landslide_density": 0.279,
        "ndvi_proxy": 0.648,
        "inhabited": false,
        "highway": false
      }
    },
    {
      "type": "Feature",
      "geometry": {
        "type": "Polygon",
        "coordinates": [
          [
            [
              93.51500000000001,
              26.924999999999997
            ],
            [
              93.58500000000001,
              26.924999999999997
            ],
            [
              93.58500000000001,
              26.994999999999997
            ],
            [
              93.51500000000001,
              26.994999999999997
            ],
            [
              93.51500000000001,
              26.924999999999997
            ]
          ]
        ]
      },
      "properties": {
        "id": "z-itanagar-10",
        "name": "Itanagar\u2013Ziro cell -1,-2",
        "corridor_id": "itanagar",
        "state": "Arunachal Pradesh",
        "district": "Papum Pare",
        "lon": 93.55,
        "lat": 26.96,
        "slope_class": 4,
        "elevation_m": 148,
        "soil_moisture": 0.541,
        "dist_drainage_km": 2.17,
        "lithology_proxy": 0.584,
        "prior_landslide_density": 0.355,
        "ndvi_proxy": 0.639,
        "inhabited": true,
        "highway": false
      }
    },
    {
      "type": "Feature",
      "geometry": {
        "type": "Polygon",
        "coordinates": [
          [
            [
              93.51500000000001,
              26.985
            ],
            [
              93.58500000000001,
              26.985
            ],
            [
              93.58500000000001,
              27.055
            ],
            [
              93.51500000000001,
              27.055
            ],
            [
              93.51500000000001,
              26.985
            ]
          ]
        ]
      },
      "properties": {
        "id": "z-itanagar-11",
        "name": "Itanagar\u2013Ziro cell -1,-1",
        "corridor_id": "itanagar",
        "state": "Arunachal Pradesh",
        "district": "Papum Pare",
        "lon": 93.55,
        "lat": 27.02,
        "slope_class": 3,
        "elevation_m": 293,
        "soil_moisture": 0.454,
        "dist_drainage_km": 1.42,
        "lithology_proxy": 0.634,
        "prior_landslide_density": 0.547,
        "ndvi_proxy": 0.62,
        "inhabited": true,
        "highway": true
      }
    },
    {
      "type": "Feature",
      "geometry": {
        "type": "Polygon",
        "coordinates": [
          [
            [
              93.51500000000001,
              27.044999999999998
            ],
            [
              93.58500000000001,
              27.044999999999998
            ],
            [
              93.58500000000001,
              27.115
            ],
            [
              93.51500000000001,
              27.115
            ],
            [
              93.51500000000001,
              27.044999999999998
            ]
          ]
        ]
      },
      "properties": {
        "id": "z-itanagar-12",
        "name": "Itanagar\u2013Ziro cell -1,+0",
        "corridor_id": "itanagar",
        "state": "Arunachal Pradesh",
        "district": "Papum Pare",
        "lon": 93.55,
        "lat": 27.08,
        "slope_class": 4,
        "elevation_m": 316,
        "soil_moisture": 0.563,
        "dist_drainage_km": 1.06,
        "lithology_proxy": 0.598,
        "prior_landslide_density": 0.67,
        "ndvi_proxy": 0.459,
        "inhabited": true,
        "highway": true
      }
    },
    {
      "type": "Feature",
      "geometry": {
        "type": "Polygon",
        "coordinates": [
          [
            [
              93.51500000000001,
              27.104999999999997
            ],
            [
              93.58500000000001,
              27.104999999999997
            ],
            [
              93.58500000000001,
              27.174999999999997
            ],
            [
              93.51500000000001,
              27.174999999999997
            ],
            [
              93.51500000000001,
              27.104999999999997
            ]
          ]
        ]
      },
      "properties": {
        "id": "z-itanagar-13",
        "name": "Itanagar\u2013Ziro cell -1,+1",
        "corridor_id": "itanagar",
        "state": "Arunachal Pradesh",
        "district": "Papum Pare",
        "lon": 93.55,
        "lat": 27.14,
        "slope_class": 3,
        "elevation_m": 384,
        "soil_moisture": 0.472,
        "dist_drainage_km": 1.57,
        "lithology_proxy": 0.646,
        "prior_landslide_density": 0.642,
        "ndvi_proxy": 0.545,
        "inhabited": true,
        "highway": true
      }
    },
    {
      "type": "Feature",
      "geometry": {
        "type": "Polygon",
        "coordinates": [
          [
            [
              93.51500000000001,
              27.165
            ],
            [
              93.58500000000001,
              27.165
            ],
            [
              93.58500000000001,
              27.235
            ],
            [
              93.51500000000001,
              27.235
            ],
            [
              93.51500000000001,
              27.165
            ]
          ]
        ]
      },
      "properties": {
        "id": "z-itanagar-14",
        "name": "Itanagar\u2013Ziro cell -1,+2",
        "corridor_id": "itanagar",
        "state": "Arunachal Pradesh",
        "district": "Papum Pare",
        "lon": 93.55,
        "lat": 27.2,
        "slope_class": 4,
        "elevation_m": 425,
        "soil_moisture": 0.638,
        "dist_drainage_km": 2.09,
        "lithology_proxy": 0.521,
        "prior_landslide_density": 0.488,
        "ndvi_proxy": 0.432,
        "inhabited": true,
        "highway": false
      }
    },
    {
      "type": "Feature",
      "geometry": {
        "type": "Polygon",
        "coordinates": [
          [
            [
              93.58500000000001,
              26.924999999999997
            ],
            [
              93.655,
              26.924999999999997
            ],
            [
              93.655,
              26.994999999999997
            ],
            [
              93.58500000000001,
              26.994999999999997
            ],
            [
              93.58500000000001,
              26.924999999999997
            ]
          ]
        ]
      },
      "properties": {
        "id": "z-itanagar-20",
        "name": "Itanagar\u2013Ziro cell +0,-2",
        "corridor_id": "itanagar",
        "state": "Arunachal Pradesh",
        "district": "Papum Pare",
        "lon": 93.62,
        "lat": 26.96,
        "slope_class": 4,
        "elevation_m": 198,
        "soil_moisture": 0.528,
        "dist_drainage_km": 1.25,
        "lithology_proxy": 0.576,
        "prior_landslide_density": 0.439,
        "ndvi_proxy": 0.353,
        "inhabited": true,
        "highway": false
      }
    },
    {
      "type": "Feature",
      "geometry": {
        "type": "Polygon",
        "coordinates": [
          [
            [
              93.58500000000001,
              26.985
            ],
            [
              93.655,
              26.985
            ],
            [
              93.655,
              27.055
            ],
            [
              93.58500000000001,
              27.055
            ],
            [
              93.58500000000001,
              26.985
            ]
          ]
        ]
      },
      "properties": {
        "id": "z-itanagar-21",
        "name": "Itanagar\u2013Ziro cell +0,-1",
        "corridor_id": "itanagar",
        "state": "Arunachal Pradesh",
        "district": "Papum Pare",
        "lon": 93.62,
        "lat": 27.02,
        "slope_class": 5,
        "elevation_m": 202,
        "soil_moisture": 0.63,
        "dist_drainage_km": 0.65,
        "lithology_proxy": 0.556,
        "prior_landslide_density": 0.678,
        "ndvi_proxy": 0.573,
        "inhabited": true,
        "highway": true
      }
    },
    {
      "type": "Feature",
      "geometry": {
        "type": "Polygon",
        "coordinates": [
          [
            [
              93.58500000000001,
              27.044999999999998
            ],
            [
              93.655,
              27.044999999999998
            ],
            [
              93.655,
              27.115
            ],
            [
              93.58500000000001,
              27.115
            ],
            [
              93.58500000000001,
              27.044999999999998
            ]
          ]
        ]
      },
      "properties": {
        "id": "z-itanagar-22",
        "name": "Itanagar\u2013Ziro cell +0,+0",
        "corridor_id": "itanagar",
        "state": "Arunachal Pradesh",
        "district": "Papum Pare",
        "lon": 93.62,
        "lat": 27.08,
        "slope_class": 4,
        "elevation_m": 269,
        "soil_moisture": 0.601,
        "dist_drainage_km": 0.16,
        "lithology_proxy": 0.597,
        "prior_landslide_density": 0.911,
        "ndvi_proxy": 0.534,
        "inhabited": true,
        "highway": true
      }
    },
    {
      "type": "Feature",
      "geometry": {
        "type": "Polygon",
        "coordinates": [
          [
            [
              93.58500000000001,
              27.104999999999997
            ],
            [
              93.655,
              27.104999999999997
            ],
            [
              93.655,
              27.174999999999997
            ],
            [
              93.58500000000001,
              27.174999999999997
            ],
            [
              93.58500000000001,
              27.104999999999997
            ]
          ]
        ]
      },
      "properties": {
        "id": "z-itanagar-23",
        "name": "Itanagar\u2013Ziro cell +0,+1",
        "corridor_id": "itanagar",
        "state": "Arunachal Pradesh",
        "district": "Papum Pare",
        "lon": 93.62,
        "lat": 27.14,
        "slope_class": 3,
        "elevation_m": 450,
        "soil_moisture": 0.494,
        "dist_drainage_km": 0.73,
        "lithology_proxy": 0.591,
        "prior_landslide_density": 0.835,
        "ndvi_proxy": 0.606,
        "inhabited": true,
        "highway": true
      }
    },
    {
      "type": "Feature",
      "geometry": {
        "type": "Polygon",
        "coordinates": [
          [
            [
              93.58500000000001,
              27.165
            ],
            [
              93.655,
              27.165
            ],
            [
              93.655,
              27.235
            ],
            [
              93.58500000000001,
              27.235
            ],
            [
              93.58500000000001,
              27.165
            ]
          ]
        ]
      },
      "properties": {
        "id": "z-itanagar-24",
        "name": "Itanagar\u2013Ziro cell +0,+2",
        "corridor_id": "itanagar",
        "state": "Arunachal Pradesh",
        "district": "Papum Pare",
        "lon": 93.62,
        "lat": 27.2,
        "slope_class": 4,
        "elevation_m": 434,
        "soil_moisture": 0.635,
        "dist_drainage_km": 1.36,
        "lithology_proxy": 0.544,
        "prior_landslide_density": 0.598,
        "ndvi_proxy": 0.729,
        "inhabited": true,
        "highway": false
      }
    },
    {
      "type": "Feature",
      "geometry": {
        "type": "Polygon",
        "coordinates": [
          [
            [
              93.655,
              26.924999999999997
            ],
            [
              93.725,
              26.924999999999997
            ],
            [
              93.725,
              26.994999999999997
            ],
            [
              93.655,
              26.994999999999997
            ],
            [
              93.655,
              26.924999999999997
            ]
          ]
        ]
      },
      "properties": {
        "id": "z-itanagar-30",
        "name": "Itanagar\u2013Ziro cell +1,-2",
        "corridor_id": "itanagar",
        "state": "Arunachal Pradesh",
        "district": "Papum Pare",
        "lon": 93.69,
        "lat": 26.96,
        "slope_class": 5,
        "elevation_m": 206,
        "soil_moisture": 0.604,
        "dist_drainage_km": 2.28,
        "lithology_proxy": 0.597,
        "prior_landslide_density": 0.391,
        "ndvi_proxy": 0.392,
        "inhabited": true,
        "highway": false
      }
    },
    {
      "type": "Feature",
      "geometry": {
        "type": "Polygon",
        "coordinates": [
          [
            [
              93.655,
              26.985
            ],
            [
              93.725,
              26.985
            ],
            [
              93.725,
              27.055
            ],
            [
              93.655,
              27.055
            ],
            [
              93.655,
              26.985
            ]
          ]
        ]
      },
      "properties": {
        "id": "z-itanagar-31",
        "name": "Itanagar\u2013Ziro cell +1,-1",
        "corridor_id": "itanagar",
        "state": "Arunachal Pradesh",
        "district": "Papum Pare",
        "lon": 93.69,
        "lat": 27.02,
        "slope_class": 5,
        "elevation_m": 255,
        "soil_moisture": 0.562,
        "dist_drainage_km": 1.56,
        "lithology_proxy": 0.684,
        "prior_landslide_density": 0.6,
        "ndvi_proxy": 0.648,
        "inhabited": true,
        "highway": true
      }
    },
    {
      "type": "Feature",
      "geometry": {
        "type": "Polygon",
        "coordinates": [
          [
            [
              93.655,
              27.044999999999998
            ],
            [
              93.725,
              27.044999999999998
            ],
            [
              93.725,
              27.115
            ],
            [
              93.655,
              27.115
            ],
            [
              93.655,
              27.044999999999998
            ]
          ]
        ]
      },
      "properties": {
        "id": "z-itanagar-32",
        "name": "Itanagar\u2013Ziro cell +1,+0",
        "corridor_id": "itanagar",
        "state": "Arunachal Pradesh",
        "district": "Papum Pare",
        "lon": 93.69,
        "lat": 27.08,
        "slope_class": 4,
        "elevation_m": 302,
        "soil_moisture": 0.501,
        "dist_drainage_km": 1.11,
        "lithology_proxy": 0.637,
        "prior_landslide_density": 0.747,
        "ndvi_proxy": 0.562,
        "inhabited": true,
        "highway": true
      }
    },
    {
      "type": "Feature",
      "geometry": {
        "type": "Polygon",
        "coordinates": [
          [
            [
              93.655,
              27.104999999999997
            ],
            [
              93.725,
              27.104999999999997
            ],
            [
              93.725,
              27.174999999999997
            ],
            [
              93.655,
              27.174999999999997
            ],
            [
              93.655,
              27.104999999999997
            ]
          ]
        ]
      },
      "properties": {
        "id": "z-itanagar-33",
        "name": "Itanagar\u2013Ziro cell +1,+1",
        "corridor_id": "itanagar",
        "state": "Arunachal Pradesh",
        "district": "Papum Pare",
        "lon": 93.69,
        "lat": 27.14,
        "slope_class": 4,
        "elevation_m": 455,
        "soil_moisture": 0.543,
        "dist_drainage_km": 1.71,
        "lithology_proxy": 0.702,
        "prior_landslide_density": 0.712,
        "ndvi_proxy": 0.608,
        "inhabited": true,
        "highway": true
      }
    },
    {
      "type": "Feature",
      "geometry": {
        "type": "Polygon",
        "coordinates": [
          [
            [
              93.655,
              27.165
            ],
            [
              93.725,
              27.165
            ],
            [
              93.725,
              27.235
            ],
            [
              93.655,
              27.235
            ],
            [
              93.655,
              27.165
            ]
          ]
        ]
      },
      "properties": {
        "id": "z-itanagar-34",
        "name": "Itanagar\u2013Ziro cell +1,+2",
        "corridor_id": "itanagar",
        "state": "Arunachal Pradesh",
        "district": "Papum Pare",
        "lon": 93.69,
        "lat": 27.2,
        "slope_class": 4,
        "elevation_m": 450,
        "soil_moisture": 0.528,
        "dist_drainage_km": 2.04,
        "lithology_proxy": 0.545,
        "prior_landslide_density": 0.534,
        "ndvi_proxy": 0.411,
        "inhabited": true,
        "highway": false
      }
    },
    {
      "type": "Feature",
      "geometry": {
        "type": "Polygon",
        "coordinates": [
          [
            [
              93.72500000000001,
              26.924999999999997
            ],
            [
              93.795,
              26.924999999999997
            ],
            [
              93.795,
              26.994999999999997
            ],
            [
              93.72500000000001,
              26.994999999999997
            ],
            [
              93.72500000000001,
              26.924999999999997
            ]
          ]
        ]
      },
      "properties": {
        "id": "z-itanagar-40",
        "name": "Itanagar\u2013Ziro cell +2,-2",
        "corridor_id": "itanagar",
        "state": "Arunachal Pradesh",
        "district": "Papum Pare",
        "lon": 93.76,
        "lat": 26.96,
        "slope_class": 3,
        "elevation_m": 122,
        "soil_moisture": 0.524,
        "dist_drainage_km": 3.18,
        "lithology_proxy": 0.603,
        "prior_landslide_density": 0.236,
        "ndvi_proxy": 0.575,
        "inhabited": false,
        "highway": false
      }
    },
    {
      "type": "Feature",
      "geometry": {
        "type": "Polygon",
        "coordinates": [
          [
            [
              93.72500000000001,
              26.985
            ],
            [
              93.795,
              26.985
            ],
            [
              93.795,
              27.055
            ],
            [
              93.72500000000001,
              27.055
            ],
            [
              93.72500000000001,
              26.985
            ]
          ]
        ]
      },
      "properties": {
        "id": "z-itanagar-41",
        "name": "Itanagar\u2013Ziro cell +2,-1",
        "corridor_id": "itanagar",
        "state": "Arunachal Pradesh",
        "district": "Papum Pare",
        "lon": 93.76,
        "lat": 27.02,
        "slope_class": 5,
        "elevation_m": 267,
        "soil_moisture": 0.635,
        "dist_drainage_km": 2.57,
        "lithology_proxy": 0.637,
        "prior_landslide_density": 0.389,
        "ndvi_proxy": 0.6,
        "inhabited": true,
        "highway": false
      }
    },
    {
      "type": "Feature",
      "geometry": {
        "type": "Polygon",
        "coordinates": [
          [
            [
              93.72500000000001,
              27.044999999999998
            ],
            [
              93.795,
              27.044999999999998
            ],
            [
              93.795,
              27.115
            ],
            [
              93.72500000000001,
              27.115
            ],
            [
              93.72500000000001,
              27.044999999999998
            ]
          ]
        ]
      },
      "properties": {
        "id": "z-itanagar-42",
        "name": "Itanagar\u2013Ziro cell +2,+0",
        "corridor_id": "itanagar",
        "state": "Arunachal Pradesh",
        "district": "Papum Pare",
        "lon": 93.76,
        "lat": 27.08,
        "slope_class": 4,
        "elevation_m": 279,
        "soil_moisture": 0.56,
        "dist_drainage_km": 1.78,
        "lithology_proxy": 0.636,
        "prior_landslide_density": 0.474,
        "ndvi_proxy": 0.669,
        "inhabited": true,
        "highway": false
      }
    },
    {
      "type": "Feature",
      "geometry": {
        "type": "Polygon",
        "coordinates": [
          [
            [
              93.72500000000001,
              27.104999999999997
            ],
            [
              93.795,
              27.104999999999997
            ],
            [
              93.795,
              27.174999999999997
            ],
            [
              93.72500000000001,
              27.174999999999997
            ],
            [
              93.72500000000001,
              27.104999999999997
            ]
          ]
        ]
      },
      "properties": {
        "id": "z-itanagar-43",
        "name": "Itanagar\u2013Ziro cell +2,+1",
        "corridor_id": "itanagar",
        "state": "Arunachal Pradesh",
        "district": "Papum Pare",
        "lon": 93.76,
        "lat": 27.14,
        "slope_class": 3,
        "elevation_m": 385,
        "soil_moisture": 0.477,
        "dist_drainage_km": 2.4,
        "lithology_proxy": 0.6,
        "prior_landslide_density": 0.456,
        "ndvi_proxy": 0.373,
        "inhabited": true,
        "highway": false
      }
    },
    {
      "type": "Feature",
      "geometry": {
        "type": "Polygon",
        "coordinates": [
          [
            [
              93.72500000000001,
              27.165
            ],
            [
              93.795,
              27.165
            ],
            [
              93.795,
              27.235
            ],
            [
              93.72500000000001,
              27.235
            ],
            [
              93.72500000000001,
              27.165
            ]
          ]
        ]
      },
      "properties": {
        "id": "z-itanagar-44",
        "name": "Itanagar\u2013Ziro cell +2,+2",
        "corridor_id": "itanagar",
        "state": "Arunachal Pradesh",
        "district": "Papum Pare",
        "lon": 93.76,
        "lat": 27.2,
        "slope_class": 4,
        "elevation_m": 429,
        "soil_moisture": 0.637,
        "dist_drainage_km": 3.06,
        "lithology_proxy": 0.528,
        "prior_landslide_density": 0.344,
        "ndvi_proxy": 0.588,
        "inhabited": false,
        "highway": false
      }
    },
    {
      "type": "Feature",
      "geometry": {
        "type": "Polygon",
        "coordinates": [
          [
            [
              91.705,
              25.314999999999998
            ],
            [
              91.77499999999999,
              25.314999999999998
            ],
            [
              91.77499999999999,
              25.384999999999998
            ],
            [
              91.705,
              25.384999999999998
            ],
            [
              91.705,
              25.314999999999998
            ]
          ]
        ]
      },
      "properties": {
        "id": "z-shillong-00",
        "name": "Shillong\u2013Cherrapunji cell -2,-2",
        "corridor_id": "shillong",
        "state": "Meghalaya",
        "district": "East Khasi Hills",
        "lon": 91.74,
        "lat": 25.35,
        "slope_class": 5,
        "elevation_m": 1329,
        "soil_moisture": 0.693,
        "dist_drainage_km": 3.03,
        "lithology_proxy": 0.708,
        "prior_landslide_density": 1.237,
        "ndvi_proxy": 0.366,
        "inhabited": false,
        "highway": false
      }
    },
    {
      "type": "Feature",
      "geometry": {
        "type": "Polygon",
        "coordinates": [
          [
            [
              91.705,
              25.375
            ],
            [
              91.77499999999999,
              25.375
            ],
            [
              91.77499999999999,
              25.445
            ],
            [
              91.705,
              25.445
            ],
            [
              91.705,
              25.375
            ]
          ]
        ]
      },
      "properties": {
        "id": "z-shillong-01",
        "name": "Shillong\u2013Cherrapunji cell -2,-1",
        "corridor_id": "shillong",
        "state": "Meghalaya",
        "district": "East Khasi Hills",
        "lon": 91.74,
        "lat": 25.41,
        "slope_class": 4,
        "elevation_m": 1391,
        "soil_moisture": 0.565,
        "dist_drainage_km": 2.44,
        "lithology_proxy": 0.752,
        "prior_landslide_density": 1.038,
        "ndvi_proxy": 0.53,
        "inhabited": true,
        "highway": false
      }
    },
    {
      "type": "Feature",
      "geometry": {
        "type": "Polygon",
        "coordinates": [
          [
            [
              91.705,
              25.435
            ],
            [
              91.77499999999999,
              25.435
            ],
            [
              91.77499999999999,
              25.505
            ],
            [
              91.705,
              25.505
            ],
            [
              91.705,
              25.435
            ]
          ]
        ]
      },
      "properties": {
        "id": "z-shillong-02",
        "name": "Shillong\u2013Cherrapunji cell -2,+0",
        "corridor_id": "shillong",
        "state": "Meghalaya",
        "district": "East Khasi Hills",
        "lon": 91.74,
        "lat": 25.47,
        "slope_class": 4,
        "elevation_m": 1521,
        "soil_moisture": 0.587,
        "dist_drainage_km": 1.63,
        "lithology_proxy": 0.568,
        "prior_landslide_density": 0.718,
        "ndvi_proxy": 0.633,
        "inhabited": true,
        "highway": false
      }
    },
    {
      "type": "Feature",
      "geometry": {
        "type": "Polygon",
        "coordinates": [
          [
            [
              91.705,
              25.494999999999997
            ],
            [
              91.77499999999999,
              25.494999999999997
            ],
            [
              91.77499999999999,
              25.564999999999998
            ],
            [
              91.705,
              25.564999999999998
            ],
            [
              91.705,
              25.494999999999997
            ]
          ]
        ]
      },
      "properties": {
        "id": "z-shillong-03",
        "name": "Shillong\u2013Cherrapunji cell -2,+1",
        "corridor_id": "shillong",
        "state": "Meghalaya",
        "district": "East Khasi Hills",
        "lon": 91.74,
        "lat": 25.53,
        "slope_class": 5,
        "elevation_m": 1577,
        "soil_moisture": 0.574,
        "dist_drainage_km": 2.41,
        "lithology_proxy": 0.635,
        "prior_landslide_density": 0.319,
        "ndvi_proxy": 0.463,
        "inhabited": true,
        "highway": false
      }
    },
    {
      "type": "Feature",
      "geometry": {
        "type": "Polygon",
        "coordinates": [
          [
            [
              91.705,
              25.555
            ],
            [
              91.77499999999999,
              25.555
            ],
            [
              91.77499999999999,
              25.625
            ],
            [
              91.705,
              25.625
            ],
            [
              91.705,
              25.555
            ]
          ]
        ]
      },
      "properties": {
        "id": "z-shillong-04",
        "name": "Shillong\u2013Cherrapunji cell -2,+2",
        "corridor_id": "shillong",
        "state": "Meghalaya",
        "district": "East Khasi Hills",
        "lon": 91.74,
        "lat": 25.59,
        "slope_class": 5,
        "elevation_m": 1689,
        "soil_moisture": 0.64,
        "dist_drainage_km": 2.94,
        "lithology_proxy": 0.718,
        "prior_landslide_density": 0.122,
        "ndvi_proxy": 0.609,
        "inhabited": false,
        "highway": false
      }
    },
    {
      "type": "Feature",
      "geometry": {
        "type": "Polygon",
        "coordinates": [
          [
            [
              91.775,
              25.314999999999998
            ],
            [
              91.845,
              25.314999999999998
            ],
            [
              91.845,
              25.384999999999998
            ],
            [
              91.775,
              25.384999999999998
            ],
            [
              91.775,
              25.314999999999998
            ]
          ]
        ]
      },
      "properties": {
        "id": "z-shillong-10",
        "name": "Shillong\u2013Cherrapunji cell -1,-2",
        "corridor_id": "shillong",
        "state": "Meghalaya",
        "district": "East Khasi Hills",
        "lon": 91.81,
        "lat": 25.35,
        "slope_class": 3,
        "elevation_m": 1312,
        "soil_moisture": 0.532,
        "dist_drainage_km": 2.04,
        "lithology_proxy": 0.617,
        "prior_landslide_density": 1.348,
        "ndvi_proxy": 0.639,
        "inhabited": true,
        "highway": false
      }
    },
    {
      "type": "Feature",
      "geometry": {
        "type": "Polygon",
        "coordinates": [
          [
            [
              91.775,
              25.375
            ],
            [
              91.845,
              25.375
            ],
            [
              91.845,
              25.445
            ],
            [
              91.775,
              25.445
            ],
            [
              91.775,
              25.375
            ]
          ]
        ]
      },
      "properties": {
        "id": "z-shillong-11",
        "name": "Shillong\u2013Cherrapunji cell -1,-1",
        "corridor_id": "shillong",
        "state": "Meghalaya",
        "district": "East Khasi Hills",
        "lon": 91.81,
        "lat": 25.41,
        "slope_class": 4,
        "elevation_m": 1392,
        "soil_moisture": 0.59,
        "dist_drainage_km": 1.43,
        "lithology_proxy": 0.743,
        "prior_landslide_density": 1.244,
        "ndvi_proxy": 0.474,
        "inhabited": true,
        "highway": true
      }
    },
    {
      "type": "Feature",
      "geometry": {
        "type": "Polygon",
        "coordinates": [
          [
            [
              91.775,
              25.435
            ],
            [
              91.845,
              25.435
            ],
            [
              91.845,
              25.505
            ],
            [
              91.775,
              25.505
            ],
            [
              91.775,
              25.435
            ]
          ]
        ]
      },
      "properties": {
        "id": "z-shillong-12",
        "name": "Shillong\u2013Cherrapunji cell -1,+0",
        "corridor_id": "shillong",
        "state": "Meghalaya",
        "district": "East Khasi Hills",
        "lon": 91.81,
        "lat": 25.47,
        "slope_class": 5,
        "elevation_m": 1446,
        "soil_moisture": 0.691,
        "dist_drainage_km": 1.04,
        "lithology_proxy": 0.622,
        "prior_landslide_density": 0.868,
        "ndvi_proxy": 0.501,
        "inhabited": true,
        "highway": true
      }
    },
    {
      "type": "Feature",
      "geometry": {
        "type": "Polygon",
        "coordinates": [
          [
            [
              91.775,
              25.494999999999997
            ],
            [
              91.845,
              25.494999999999997
            ],
            [
              91.845,
              25.564999999999998
            ],
            [
              91.775,
              25.564999999999998
            ],
            [
              91.775,
              25.494999999999997
            ]
          ]
        ]
      },
      "properties": {
        "id": "z-shillong-13",
        "name": "Shillong\u2013Cherrapunji cell -1,+1",
        "corridor_id": "shillong",
        "state": "Meghalaya",
        "district": "East Khasi Hills",
        "lon": 91.81,
        "lat": 25.53,
        "slope_class": 4,
        "elevation_m": 1614,
        "soil_moisture": 0.595,
        "dist_drainage_km": 1.45,
        "lithology_proxy": 0.749,
        "prior_landslide_density": 0.456,
        "ndvi_proxy": 0.749,
        "inhabited": true,
        "highway": true
      }
    },
    {
      "type": "Feature",
      "geometry": {
        "type": "Polygon",
        "coordinates": [
          [
            [
              91.775,
              25.555
            ],
            [
              91.845,
              25.555
            ],
            [
              91.845,
              25.625
            ],
            [
              91.775,
              25.625
            ],
            [
              91.775,
              25.555
            ]
          ]
        ]
      },
      "properties": {
        "id": "z-shillong-14",
        "name": "Shillong\u2013Cherrapunji cell -1,+2",
        "corridor_id": "shillong",
        "state": "Meghalaya",
        "district": "East Khasi Hills",
        "lon": 91.81,
        "lat": 25.59,
        "slope_class": 3,
        "elevation_m": 1672,
        "soil_moisture": 0.506,
        "dist_drainage_km": 2.27,
        "lithology_proxy": 0.564,
        "prior_landslide_density": 0.223,
        "ndvi_proxy": 0.474,
        "inhabited": true,
        "highway": false
      }
    },
    {
      "type": "Feature",
      "geometry": {
        "type": "Polygon",
        "coordinates": [
          [
            [
              91.845,
              25.314999999999998
            ],
            [
              91.91499999999999,
              25.314999999999998
            ],
            [
              91.91499999999999,
              25.384999999999998
            ],
            [
              91.845,
              25.384999999999998
            ],
            [
              91.845,
              25.314999999999998
            ]
          ]
        ]
      },
      "properties": {
        "id": "z-shillong-20",
        "name": "Shillong\u2013Cherrapunji cell +0,-2",
        "corridor_id": "shillong",
        "state": "Meghalaya",
        "district": "East Khasi Hills",
        "lon": 91.88,
        "lat": 25.35,
        "slope_class": 4,
        "elevation_m": 1313,
        "soil_moisture": 0.563,
        "dist_drainage_km": 1.58,
        "lithology_proxy": 0.605,
        "prior_landslide_density": 1.141,
        "ndvi_proxy": 0.405,
        "inhabited": true,
        "highway": false
      }
    },
    {
      "type": "Feature",
      "geometry": {
        "type": "Polygon",
        "coordinates": [
          [
            [
              91.845,
              25.375
            ],
            [
              91.91499999999999,
              25.375
            ],
            [
              91.91499999999999,
              25.445
            ],
            [
              91.845,
              25.445
            ],
            [
              91.845,
              25.375
            ]
          ]
        ]
      },
      "properties": {
        "id": "z-shillong-21",
        "name": "Shillong\u2013Cherrapunji cell +0,-1",
        "corridor_id": "shillong",
        "state": "Meghalaya",
        "district": "East Khasi Hills",
        "lon": 91.88,
        "lat": 25.41,
        "slope_class": 3,
        "elevation_m": 1387,
        "soil_moisture": 0.445,
        "dist_drainage_km": 0.94,
        "lithology_proxy": 0.714,
        "prior_landslide_density": 1.109,
        "ndvi_proxy": 0.684,
        "inhabited": true,
        "highway": true
      }
    },
    {
      "type": "Feature",
      "geometry": {
        "type": "Polygon",
        "coordinates": [
          [
            [
              91.845,
              25.435
            ],
            [
              91.91499999999999,
              25.435
            ],
            [
              91.91499999999999,
              25.505
            ],
            [
              91.845,
              25.505
            ],
            [
              91.845,
              25.435
            ]
          ]
        ]
      },
      "properties": {
        "id": "z-shillong-22",
        "name": "Shillong\u2013Cherrapunji cell +0,+0",
        "corridor_id": "shillong",
        "state": "Meghalaya",
        "district": "East Khasi Hills",
        "lon": 91.88,
        "lat": 25.47,
        "slope_class": 3,
        "elevation_m": 1514,
        "soil_moisture": 0.545,
        "dist_drainage_km": 0.13,
        "lithology_proxy": 0.586,
        "prior_landslide_density": 0.751,
        "ndvi_proxy": 0.501,
        "inhabited": true,
        "highway": true
      }
    },
    {
      "type": "Feature",
      "geometry": {
        "type": "Polygon",
        "coordinates": [
          [
            [
              91.845,
              25.494999999999997
            ],
            [
              91.91499999999999,
              25.494999999999997
            ],
            [
              91.91499999999999,
              25.564999999999998
            ],
            [
              91.845,
              25.564999999999998
            ],
            [
              91.845,
              25.494999999999997
            ]
          ]
        ]
      },
      "properties": {
        "id": "z-shillong-23",
        "name": "Shillong\u2013Cherrapunji cell +0,+1",
        "corridor_id": "shillong",
        "state": "Meghalaya",
        "district": "East Khasi Hills",
        "lon": 91.88,
        "lat": 25.53,
        "slope_class": 4,
        "elevation_m": 1533,
        "soil_moisture": 0.606,
        "dist_drainage_km": 0.93,
        "lithology_proxy": 0.722,
        "prior_landslide_density": 0.466,
        "ndvi_proxy": 0.416,
        "inhabited": true,
        "highway": true
      }
    },
    {
      "type": "Feature",
      "geometry": {
        "type": "Polygon",
        "coordinates": [
          [
            [
              91.845,
              25.555
            ],
            [
              91.91499999999999,
              25.555
            ],
            [
              91.91499999999999,
              25.625
            ],
            [
              91.845,
              25.625
            ],
            [
              91.845,
              25.555
            ]
          ]
        ]
      },
      "properties": {
        "id": "z-shillong-24",
        "name": "Shillong\u2013Cherrapunji cell +0,+2",
        "corridor_id": "shillong",
        "state": "Meghalaya",
        "district": "East Khasi Hills",
        "lon": 91.88,
        "lat": 25.59,
        "slope_class": 5,
        "elevation_m": 1595,
        "soil_moisture": 0.651,
        "dist_drainage_km": 1.36,
        "lithology_proxy": 0.608,
        "prior_landslide_density": 0.231,
        "ndvi_proxy": 0.528,
        "inhabited": true,
        "highway": false
      }
    },
    {
      "type": "Feature",
      "geometry": {
        "type": "Polygon",
        "coordinates": [
          [
            [
              91.91499999999999,
              25.314999999999998
            ],
            [
              91.98499999999999,
              25.314999999999998
            ],
            [
              91.98499999999999,
              25.384999999999998
            ],
            [
              91.91499999999999,
              25.384999999999998
            ],
            [
              91.91499999999999,
              25.314999999999998
            ]
          ]
        ]
      },
      "properties": {
        "id": "z-shillong-30",
        "name": "Shillong\u2013Cherrapunji cell +1,-2",
        "corridor_id": "shillong",
        "state": "Meghalaya",
        "district": "East Khasi Hills",
        "lon": 91.95,
        "lat": 25.35,
        "slope_class": 4,
        "elevation_m": 1366,
        "soil_moisture": 0.557,
        "dist_drainage_km": 2.3,
        "lithology_proxy": 0.667,
        "prior_landslide_density": 0.667,
        "ndvi_proxy": 0.474,
        "inhabited": true,
        "highway": false
      }
    },
    {
      "type": "Feature",
      "geometry": {
        "type": "Polygon",
        "coordinates": [
          [
            [
              91.91499999999999,
              25.375
            ],
            [
              91.98499999999999,
              25.375
            ],
            [
              91.98499999999999,
              25.445
            ],
            [
              91.91499999999999,
              25.445
            ],
            [
              91.91499999999999,
              25.375
            ]
          ]
        ]
      },
      "properties": {
        "id": "z-shillong-31",
        "name": "Shillong\u2013Cherrapunji cell +1,-1",
        "corridor_id": "shillong",
        "state": "Meghalaya",
        "district": "East Khasi Hills",
        "lon": 91.95,
        "lat": 25.41,
        "slope_class": 5,
        "elevation_m": 1465,
        "soil_moisture": 0.605,
        "dist_drainage_km": 1.73,
        "lithology_proxy": 0.749,
        "prior_landslide_density": 0.61,
        "ndvi_proxy": 0.744,
        "inhabited": true,
        "highway": true
      }
    },
    {
      "type": "Feature",
      "geometry": {
        "type": "Polygon",
        "coordinates": [
          [
            [
              91.91499999999999,
              25.435
            ],
            [
              91.98499999999999,
              25.435
            ],
            [
              91.98499999999999,
              25.505
            ],
            [
              91.91499999999999,
              25.505
            ],
            [
              91.91499999999999,
              25.435
            ]
          ]
        ]
      },
      "properties": {
        "id": "z-shillong-32",
        "name": "Shillong\u2013Cherrapunji cell +1,+0",
        "corridor_id": "shillong",
        "state": "Meghalaya",
        "district": "East Khasi Hills",
        "lon": 91.95,
        "lat": 25.47,
        "slope_class": 5,
        "elevation_m": 1528,
        "soil_moisture": 0.607,
        "dist_drainage_km": 0.91,
        "lithology_proxy": 0.665,
        "prior_landslide_density": 0.512,
        "ndvi_proxy": 0.737,
        "inhabited": true,
        "highway": true
      }
    },
    {
      "type": "Feature",
      "geometry": {
        "type": "Polygon",
        "coordinates": [
          [
            [
              91.91499999999999,
              25.494999999999997
            ],
            [
              91.98499999999999,
              25.494999999999997
            ],
            [
              91.98499999999999,
              25.564999999999998
            ],
            [
              91.91499999999999,
              25.564999999999998
            ],
            [
              91.91499999999999,
              25.494999999999997
            ]
          ]
        ]
      },
      "properties": {
        "id": "z-shillong-33",
        "name": "Shillong\u2013Cherrapunji cell +1,+1",
        "corridor_id": "shillong",
        "state": "Meghalaya",
        "district": "East Khasi Hills",
        "lon": 91.95,
        "lat": 25.53,
        "slope_class": 4,
        "elevation_m": 1612,
        "soil_moisture": 0.621,
        "dist_drainage_km": 1.64,
        "lithology_proxy": 0.57,
        "prior_landslide_density": 0.344,
        "ndvi_proxy": 0.542,
        "inhabited": true,
        "highway": true
      }
    },
    {
      "type": "Feature",
      "geometry": {
        "type": "Polygon",
        "coordinates": [
          [
            [
              91.91499999999999,
              25.555
            ],
            [
              91.98499999999999,
              25.555
            ],
            [
              91.98499999999999,
              25.625
            ],
            [
              91.91499999999999,
              25.625
            ],
            [
              91.91499999999999,
              25.555
            ]
          ]
        ]
      },
      "properties": {
        "id": "z-shillong-34",
        "name": "Shillong\u2013Cherrapunji cell +1,+2",
        "corridor_id": "shillong",
        "state": "Meghalaya",
        "district": "East Khasi Hills",
        "lon": 91.95,
        "lat": 25.59,
        "slope_class": 4,
        "elevation_m": 1660,
        "soil_moisture": 0.597,
        "dist_drainage_km": 2.37,
        "lithology_proxy": 0.663,
        "prior_landslide_density": 0.141,
        "ndvi_proxy": 0.4,
        "inhabited": true,
        "highway": false
      }
    },
    {
      "type": "Feature",
      "geometry": {
        "type": "Polygon",
        "coordinates": [
          [
            [
              91.985,
              25.314999999999998
            ],
            [
              92.05499999999999,
              25.314999999999998
            ],
            [
              92.05499999999999,
              25.384999999999998
            ],
            [
              91.985,
              25.384999999999998
            ],
            [
              91.985,
              25.314999999999998
            ]
          ]
        ]
      },
      "properties": {
        "id": "z-shillong-40",
        "name": "Shillong\u2013Cherrapunji cell +2,-2",
        "corridor_id": "shillong",
        "state": "Meghalaya",
        "district": "East Khasi Hills",
        "lon": 92.02,
        "lat": 25.35,
        "slope_class": 3,
        "elevation_m": 1367,
        "soil_moisture": 0.497,
        "dist_drainage_km": 2.86,
        "lithology_proxy": 0.663,
        "prior_landslide_density": 0.291,
        "ndvi_proxy": 0.682,
        "inhabited": false,
        "highway": false
      }
    },
    {
      "type": "Feature",
      "geometry": {
        "type": "Polygon",
        "coordinates": [
          [
            [
              91.985,
              25.375
            ],
            [
              92.05499999999999,
              25.375
            ],
            [
              92.05499999999999,
              25.445
            ],
            [
              91.985,
              25.445
            ],
            [
              91.985,
              25.375
            ]
          ]
        ]
      },
      "properties": {
        "id": "z-shillong-41",
        "name": "Shillong\u2013Cherrapunji cell +2,-1",
        "corridor_id": "shillong",
        "state": "Meghalaya",
        "district": "East Khasi Hills",
        "lon": 92.02,
        "lat": 25.41,
        "slope_class": 3,
        "elevation_m": 1466,
        "soil_moisture": 0.498,
        "dist_drainage_km": 2.29,
        "lithology_proxy": 0.63,
        "prior_landslide_density": 0.319,
        "ndvi_proxy": 0.361,
        "inhabited": true,
        "highway": false
      }
    },
    {
      "type": "Feature",
      "geometry": {
        "type": "Polygon",
        "coordinates": [
          [
            [
              91.985,
              25.435
            ],
            [
              92.05499999999999,
              25.435
            ],
            [
              92.05499999999999,
              25.505
            ],
            [
              91.985,
              25.505
            ],
            [
              91.985,
              25.435
            ]
          ]
        ]
      },
      "properties": {
        "id": "z-shillong-42",
        "name": "Shillong\u2013Cherrapunji cell +2,+0",
        "corridor_id": "shillong",
        "state": "Meghalaya",
        "district": "East Khasi Hills",
        "lon": 92.02,
        "lat": 25.47,
        "slope_class": 3,
        "elevation_m": 1480,
        "soil_moisture": 0.465,
        "dist_drainage_km": 1.8,
        "lithology_proxy": 0.759,
        "prior_landslide_density": 0.265,
        "ndvi_proxy": 0.5,
        "inhabited": true,
        "highway": false
      }
    },
    {
      "type": "Feature",
      "geometry": {
        "type": "Polygon",
        "coordinates": [
          [
            [
              91.985,
              25.494999999999997
            ],
            [
              92.05499999999999,
              25.494999999999997
            ],
            [
              92.05499999999999,
              25.564999999999998
            ],
            [
              91.985,
              25.564999999999998
            ],
            [
              91.985,
              25.494999999999997
            ]
          ]
        ]
      },
      "properties": {
        "id": "z-shillong-43",
        "name": "Shillong\u2013Cherrapunji cell +2,+1",
        "corridor_id": "shillong",
        "state": "Meghalaya",
        "district": "East Khasi Hills",
        "lon": 92.02,
        "lat": 25.53,
        "slope_class": 3,
        "elevation_m": 1550,
        "soil_moisture": 0.556,
        "dist_drainage_km": 2.57,
        "lithology_proxy": 0.69,
        "prior_landslide_density": 0.144,
        "ndvi_proxy": 0.667,
        "inhabited": true,
        "highway": false
      }
    },
    {
      "type": "Feature",
      "geometry": {
        "type": "Polygon",
        "coordinates": [
          [
            [
              91.985,
              25.555
            ],
            [
              92.05499999999999,
              25.555
            ],
            [
              92.05499999999999,
              25.625
            ],
            [
              91.985,
              25.625
            ],
            [
              91.985,
              25.555
            ]
          ]
        ]
      },
      "properties": {
        "id": "z-shillong-44",
        "name": "Shillong\u2013Cherrapunji cell +2,+2",
        "corridor_id": "shillong",
        "state": "Meghalaya",
        "district": "East Khasi Hills",
        "lon": 92.02,
        "lat": 25.59,
        "slope_class": 4,
        "elevation_m": 1594,
        "soil_moisture": 0.614,
        "dist_drainage_km": 2.91,
        "lithology_proxy": 0.699,
        "prior_landslide_density": 0.0,
        "ndvi_proxy": 0.406,
        "inhabited": false,
        "highway": false
      }
    },
    {
      "type": "Feature",
      "geometry": {
        "type": "Polygon",
        "coordinates": [
          [
            [
              91.555,
              25.115
            ],
            [
              91.625,
              25.115
            ],
            [
              91.625,
              25.185
            ],
            [
              91.555,
              25.185
            ],
            [
              91.555,
              25.115
            ]
          ]
        ]
      },
      "properties": {
        "id": "z-cherrapunji-00",
        "name": "Sohra escarpment cell -2,-2",
        "corridor_id": "cherrapunji",
        "state": "Meghalaya",
        "district": "East Khasi Hills",
        "lon": 91.59,
        "lat": 25.15,
        "slope_class": 5,
        "elevation_m": 1317,
        "soil_moisture": 0.686,
        "dist_drainage_km": 3.05,
        "lithology_proxy": 0.604,
        "prior_landslide_density": 0.206,
        "ndvi_proxy": 0.436,
        "inhabited": false,
        "highway": false
      }
    },
    {
      "type": "Feature",
      "geometry": {
        "type": "Polygon",
        "coordinates": [
          [
            [
              91.555,
              25.175
            ],
            [
              91.625,
              25.175
            ],
            [
              91.625,
              25.245
            ],
            [
              91.555,
              25.245
            ],
            [
              91.555,
              25.175
            ]
          ]
        ]
      },
      "properties": {
        "id": "z-cherrapunji-01",
        "name": "Sohra escarpment cell -2,-1",
        "corridor_id": "cherrapunji",
        "state": "Meghalaya",
        "district": "East Khasi Hills",
        "lon": 91.59,
        "lat": 25.21,
        "slope_class": 5,
        "elevation_m": 1410,
        "soil_moisture": 0.641,
        "dist_drainage_km": 2.58,
        "lithology_proxy": 0.685,
        "prior_landslide_density": 0.338,
        "ndvi_proxy": 0.66,
        "inhabited": true,
        "highway": false
      }
    },
    {
      "type": "Feature",
      "geometry": {
        "type": "Polygon",
        "coordinates": [
          [
            [
              91.555,
              25.235
            ],
            [
              91.625,
              25.235
            ],
            [
              91.625,
              25.305
            ],
            [
              91.555,
              25.305
            ],
            [
              91.555,
              25.235
            ]
          ]
        ]
      },
      "properties": {
        "id": "z-cherrapunji-02",
        "name": "Sohra escarpment cell -2,+0",
        "corridor_id": "cherrapunji",
        "state": "Meghalaya",
        "district": "East Khasi Hills",
        "lon": 91.59,
        "lat": 25.27,
        "slope_class": 5,
        "elevation_m": 1458,
        "soil_moisture": 0.586,
        "dist_drainage_km": 1.65,
        "lithology_proxy": 0.728,
        "prior_landslide_density": 0.399,
        "ndvi_proxy": 0.599,
        "inhabited": true,
        "highway": false
      }
    },
    {
      "type": "Feature",
      "geometry": {
        "type": "Polygon",
        "coordinates": [
          [
            [
              91.555,
              25.294999999999998
            ],
            [
              91.625,
              25.294999999999998
            ],
            [
              91.625,
              25.365
            ],
            [
              91.555,
              25.365
            ],
            [
              91.555,
              25.294999999999998
            ]
          ]
        ]
      },
      "properties": {
        "id": "z-cherrapunji-03",
        "name": "Sohra escarpment cell -2,+1",
        "corridor_id": "cherrapunji",
        "state": "Meghalaya",
        "district": "East Khasi Hills",
        "lon": 91.59,
        "lat": 25.33,
        "slope_class": 4,
        "elevation_m": 1514,
        "soil_moisture": 0.565,
        "dist_drainage_km": 2.53,
        "lithology_proxy": 0.707,
        "prior_landslide_density": 0.368,
        "ndvi_proxy": 0.603,
        "inhabited": true,
        "highway": false
      }
    },
    {
      "type": "Feature",
      "geometry": {
        "type": "Polygon",
        "coordinates": [
          [
            [
              91.555,
              25.355
            ],
            [
              91.625,
              25.355
            ],
            [
              91.625,
              25.425
            ],
            [
              91.555,
              25.425
            ],
            [
              91.555,
              25.355
            ]
          ]
        ]
      },
      "properties": {
        "id": "z-cherrapunji-04",
        "name": "Sohra escarpment cell -2,+2",
        "corridor_id": "cherrapunji",
        "state": "Meghalaya",
        "district": "East Khasi Hills",
        "lon": 91.59,
        "lat": 25.39,
        "slope_class": 5,
        "elevation_m": 1671,
        "soil_moisture": 0.614,
        "dist_drainage_km": 2.86,
        "lithology_proxy": 0.723,
        "prior_landslide_density": 0.256,
        "ndvi_proxy": 0.446,
        "inhabited": false,
        "highway": false
      }
    },
    {
      "type": "Feature",
      "geometry": {
        "type": "Polygon",
        "coordinates": [
          [
            [
              91.62500000000001,
              25.115
            ],
            [
              91.69500000000001,
              25.115
            ],
            [
              91.69500000000001,
              25.185
            ],
            [
              91.62500000000001,
              25.185
            ],
            [
              91.62500000000001,
              25.115
            ]
          ]
        ]
      },
      "properties": {
        "id": "z-cherrapunji-10",
        "name": "Sohra escarpment cell -1,-2",
        "corridor_id": "cherrapunji",
        "state": "Meghalaya",
        "district": "East Khasi Hills",
        "lon": 91.66,
        "lat": 25.15,
        "slope_class": 5,
        "elevation_m": 1283,
        "soil_moisture": 0.563,
        "dist_drainage_km": 2.27,
        "lithology_proxy": 0.795,
        "prior_landslide_density": 0.389,
        "ndvi_proxy": 0.377,
        "inhabited": true,
        "highway": false
      }
    },
    {
      "type": "Feature",
      "geometry": {
        "type": "Polygon",
        "coordinates": [
          [
            [
              91.62500000000001,
              25.175
            ],
            [
              91.69500000000001,
              25.175
            ],
            [
              91.69500000000001,
              25.245
            ],
            [
              91.62500000000001,
              25.245
            ],
            [
              91.62500000000001,
              25.175
            ]
          ]
        ]
      },
      "properties": {
        "id": "z-cherrapunji-11",
        "name": "Sohra escarpment cell -1,-1",
        "corridor_id": "cherrapunji",
        "state": "Meghalaya",
        "district": "East Khasi Hills",
        "lon": 91.66,
        "lat": 25.21,
        "slope_class": 4,
        "elevation_m": 1389,
        "soil_moisture": 0.497,
        "dist_drainage_km": 1.75,
        "lithology_proxy": 0.677,
        "prior_landslide_density": 0.575,
        "ndvi_proxy": 0.499,
        "inhabited": true,
        "highway": true
      }
    },
    {
      "type": "Feature",
      "geometry": {
        "type": "Polygon",
        "coordinates": [
          [
            [
              91.62500000000001,
              25.235
            ],
            [
              91.69500000000001,
              25.235
            ],
            [
              91.69500000000001,
              25.305
            ],
            [
              91.62500000000001,
              25.305
            ],
            [
              91.62500000000001,
              25.235
            ]
          ]
        ]
      },
      "properties": {
        "id": "z-cherrapunji-12",
        "name": "Sohra escarpment cell -1,+0",
        "corridor_id": "cherrapunji",
        "state": "Meghalaya",
        "district": "East Khasi Hills",
        "lon": 91.66,
        "lat": 25.27,
        "slope_class": 4,
        "elevation_m": 1465,
        "soil_moisture": 0.542,
        "dist_drainage_km": 1.12,
        "lithology_proxy": 0.747,
        "prior_landslide_density": 0.757,
        "ndvi_proxy": 0.601,
        "inhabited": true,
        "highway": true
      }
    },
    {
      "type": "Feature",
      "geometry": {
        "type": "Polygon",
        "coordinates": [
          [
            [
              91.62500000000001,
              25.294999999999998
            ],
            [
              91.69500000000001,
              25.294999999999998
            ],
            [
              91.69500000000001,
              25.365
            ],
            [
              91.62500000000001,
              25.365
            ],
            [
              91.62500000000001,
              25.294999999999998
            ]
          ]
        ]
      },
      "properties": {
        "id": "z-cherrapunji-13",
        "name": "Sohra escarpment cell -1,+1",
        "corridor_id": "cherrapunji",
        "state": "Meghalaya",
        "district": "East Khasi Hills",
        "lon": 91.66,
        "lat": 25.33,
        "slope_class": 5,
        "elevation_m": 1517,
        "soil_moisture": 0.632,
        "dist_drainage_km": 1.42,
        "lithology_proxy": 0.763,
        "prior_landslide_density": 0.813,
        "ndvi_proxy": 0.42,
        "inhabited": true,
        "highway": true
      }
    },
    {
      "type": "Feature",
      "geometry": {
        "type": "Polygon",
        "coordinates": [
          [
            [
              91.62500000000001,
              25.355
            ],
            [
              91.69500000000001,
              25.355
            ],
            [
              91.69500000000001,
              25.425
            ],
            [
              91.62500000000001,
              25.425
            ],
            [
              91.62500000000001,
              25.355
            ]
          ]
        ]
      },
      "properties": {
        "id": "z-cherrapunji-14",
        "name": "Sohra escarpment cell -1,+2",
        "corridor_id": "cherrapunji",
        "state": "Meghalaya",
        "district": "East Khasi Hills",
        "lon": 91.66,
        "lat": 25.39,
        "slope_class": 5,
        "elevation_m": 1669,
        "soil_moisture": 0.577,
        "dist_drainage_km": 2.19,
        "lithology_proxy": 0.627,
        "prior_landslide_density": 0.695,
        "ndvi_proxy": 0.636,
        "inhabited": true,
        "highway": false
      }
    },
    {
      "type": "Feature",
      "geometry": {
        "type": "Polygon",
        "coordinates": [
          [
            [
              91.69500000000001,
              25.115
            ],
            [
              91.765,
              25.115
            ],
            [
              91.765,
              25.185
            ],
            [
              91.69500000000001,
              25.185
            ],
            [
              91.69500000000001,
              25.115
            ]
          ]
        ]
      },
      "properties": {
        "id": "z-cherrapunji-20",
        "name": "Sohra escarpment cell +0,-2",
        "corridor_id": "cherrapunji",
        "state": "Meghalaya",
        "district": "East Khasi Hills",
        "lon": 91.73,
        "lat": 25.15,
        "slope_class": 5,
        "elevation_m": 1264,
        "soil_moisture": 0.557,
        "dist_drainage_km": 1.32,
        "lithology_proxy": 0.64,
        "prior_landslide_density": 0.478,
        "ndvi_proxy": 0.367,
        "inhabited": true,
        "highway": false
      }
    },
    {
      "type": "Feature",
      "geometry": {
        "type": "Polygon",
        "coordinates": [
          [
            [
              91.69500000000001,
              25.175
            ],
            [
              91.765,
              25.175
            ],
            [
              91.765,
              25.245
            ],
            [
              91.69500000000001,
              25.245
            ],
            [
              91.69500000000001,
              25.175
            ]
          ]
        ]
      },
      "properties": {
        "id": "z-cherrapunji-21",
        "name": "Sohra escarpment cell +0,-1",
        "corridor_id": "cherrapunji",
        "state": "Meghalaya",
        "district": "East Khasi Hills",
        "lon": 91.73,
        "lat": 25.21,
        "slope_class": 5,
        "elevation_m": 1405,
        "soil_moisture": 0.672,
        "dist_drainage_km": 0.76,
        "lithology_proxy": 0.695,
        "prior_landslide_density": 0.818,
        "ndvi_proxy": 0.365,
        "inhabited": true,
        "highway": true
      }
    },
    {
      "type": "Feature",
      "geometry": {
        "type": "Polygon",
        "coordinates": [
          [
            [
              91.69500000000001,
              25.235
            ],
            [
              91.765,
              25.235
            ],
            [
              91.765,
              25.305
            ],
            [
              91.69500000000001,
              25.305
            ],
            [
              91.69500000000001,
              25.235
            ]
          ]
        ]
      },
      "properties": {
        "id": "z-cherrapunji-22",
        "name": "Sohra escarpment cell +0,+0",
        "corridor_id": "cherrapunji",
        "state": "Meghalaya",
        "district": "East Khasi Hills",
        "lon": 91.73,
        "lat": 25.27,
        "slope_class": 5,
        "elevation_m": 1456,
        "soil_moisture": 0.667,
        "dist_drainage_km": 0.14,
        "lithology_proxy": 0.773,
        "prior_landslide_density": 1.236,
        "ndvi_proxy": 0.483,
        "inhabited": true,
        "highway": true
      }
    },
    {
      "type": "Feature",
      "geometry": {
        "type": "Polygon",
        "coordinates": [
          [
            [
              91.69500000000001,
              25.294999999999998
            ],
            [
              91.765,
              25.294999999999998
            ],
            [
              91.765,
              25.365
            ],
            [
              91.69500000000001,
              25.365
            ],
            [
              91.69500000000001,
              25.294999999999998
            ]
          ]
        ]
      },
      "properties": {
        "id": "z-cherrapunji-23",
        "name": "Sohra escarpment cell +0,+1",
        "corridor_id": "cherrapunji",
        "state": "Meghalaya",
        "district": "East Khasi Hills",
        "lon": 91.73,
        "lat": 25.33,
        "slope_class": 4,
        "elevation_m": 1602,
        "soil_moisture": 0.623,
        "dist_drainage_km": 0.75,
        "lithology_proxy": 0.749,
        "prior_landslide_density": 1.24,
        "ndvi_proxy": 0.708,
        "inhabited": true,
        "highway": true
      }
    },
    {
      "type": "Feature",
      "geometry": {
        "type": "Polygon",
        "coordinates": [
          [
            [
              91.69500000000001,
              25.355
            ],
            [
              91.765,
              25.355
            ],
            [
              91.765,
              25.425
            ],
            [
              91.69500000000001,
              25.425
            ],
            [
              91.69500000000001,
              25.355
            ]
          ]
        ]
      },
      "properties": {
        "id": "z-cherrapunji-24",
        "name": "Sohra escarpment cell +0,+2",
        "corridor_id": "cherrapunji",
        "state": "Meghalaya",
        "district": "East Khasi Hills",
        "lon": 91.73,
        "lat": 25.39,
        "slope_class": 5,
        "elevation_m": 1623,
        "soil_moisture": 0.624,
        "dist_drainage_km": 1.59,
        "lithology_proxy": 0.7,
        "prior_landslide_density": 1.077,
        "ndvi_proxy": 0.72,
        "inhabited": true,
        "highway": false
      }
    },
    {
      "type": "Feature",
      "geometry": {
        "type": "Polygon",
        "coordinates": [
          [
            [
              91.765,
              25.115
            ],
            [
              91.835,
              25.115
            ],
            [
              91.835,
              25.185
            ],
            [
              91.765,
              25.185
            ],
            [
              91.765,
              25.115
            ]
          ]
        ]
      },
      "properties": {
        "id": "z-cherrapunji-30",
        "name": "Sohra escarpment cell +1,-2",
        "corridor_id": "cherrapunji",
        "state": "Meghalaya",
        "district": "East Khasi Hills",
        "lon": 91.8,
        "lat": 25.15,
        "slope_class": 5,
        "elevation_m": 1362,
        "soil_moisture": 0.614,
        "dist_drainage_km": 2.03,
        "lithology_proxy": 0.686,
        "prior_landslide_density": 0.427,
        "ndvi_proxy": 0.748,
        "inhabited": true,
        "highway": false
      }
    },
    {
      "type": "Feature",
      "geometry": {
        "type": "Polygon",
        "coordinates": [
          [
            [
              91.765,
              25.175
            ],
            [
              91.835,
              25.175
            ],
            [
              91.835,
              25.245
            ],
            [
              91.765,
              25.245
            ],
            [
              91.765,
              25.175
            ]
          ]
        ]
      },
      "properties": {
        "id": "z-cherrapunji-31",
        "name": "Sohra escarpment cell +1,-1",
        "corridor_id": "cherrapunji",
        "state": "Meghalaya",
        "district": "East Khasi Hills",
        "lon": 91.8,
        "lat": 25.21,
        "slope_class": 5,
        "elevation_m": 1409,
        "soil_moisture": 0.565,
        "dist_drainage_km": 1.52,
        "lithology_proxy": 0.666,
        "prior_landslide_density": 0.845,
        "ndvi_proxy": 0.468,
        "inhabited": true,
        "highway": true
      }
    },
    {
      "type": "Feature",
      "geometry": {
        "type": "Polygon",
        "coordinates": [
          [
            [
              91.765,
              25.235
            ],
            [
              91.835,
              25.235
            ],
            [
              91.835,
              25.305
            ],
            [
              91.765,
              25.305
            ],
            [
              91.765,
              25.235
            ]
          ]
        ]
      },
      "properties": {
        "id": "z-cherrapunji-32",
        "name": "Sohra escarpment cell +1,+0",
        "corridor_id": "cherrapunji",
        "state": "Meghalaya",
        "district": "East Khasi Hills",
        "lon": 91.8,
        "lat": 25.27,
        "slope_class": 5,
        "elevation_m": 1497,
        "soil_moisture": 0.575,
        "dist_drainage_km": 1.09,
        "lithology_proxy": 0.689,
        "prior_landslide_density": 1.2,
        "ndvi_proxy": 0.529,
        "inhabited": true,
        "highway": true
      }
    },
    {
      "type": "Feature",
      "geometry": {
        "type": "Polygon",
        "coordinates": [
          [
            [
              91.765,
              25.294999999999998
            ],
            [
              91.835,
              25.294999999999998
            ],
            [
              91.835,
              25.365
            ],
            [
              91.765,
              25.365
            ],
            [
              91.765,
              25.294999999999998
            ]
          ]
        ]
      },
      "properties": {
        "id": "z-cherrapunji-33",
        "name": "Sohra escarpment cell +1,+1",
        "corridor_id": "cherrapunji",
        "state": "Meghalaya",
        "district": "East Khasi Hills",
        "lon": 91.8,
        "lat": 25.33,
        "slope_class": 5,
        "elevation_m": 1578,
        "soil_moisture": 0.591,
        "dist_drainage_km": 1.8,
        "lithology_proxy": 0.796,
        "prior_landslide_density": 1.343,
        "ndvi_proxy": 0.729,
        "inhabited": true,
        "highway": true
      }
    },
    {
      "type": "Feature",
      "geometry": {
        "type": "Polygon",
        "coordinates": [
          [
            [
              91.765,
              25.355
            ],
            [
              91.835,
              25.355
            ],
            [
              91.835,
              25.425
            ],
            [
              91.765,
              25.425
            ],
            [
              91.765,
              25.355
            ]
          ]
        ]
      },
      "properties": {
        "id": "z-cherrapunji-34",
        "name": "Sohra escarpment cell +1,+2",
        "corridor_id": "cherrapunji",
        "state": "Meghalaya",
        "district": "East Khasi Hills",
        "lon": 91.8,
        "lat": 25.39,
        "slope_class": 4,
        "elevation_m": 1665,
        "soil_moisture": 0.544,
        "dist_drainage_km": 2.26,
        "lithology_proxy": 0.76,
        "prior_landslide_density": 1.295,
        "ndvi_proxy": 0.622,
        "inhabited": true,
        "highway": false
      }
    },
    {
      "type": "Feature",
      "geometry": {
        "type": "Polygon",
        "coordinates": [
          [
            [
              91.83500000000001,
              25.115
            ],
            [
              91.905,
              25.115
            ],
            [
              91.905,
              25.185
            ],
            [
              91.83500000000001,
              25.185
            ],
            [
              91.83500000000001,
              25.115
            ]
          ]
        ]
      },
      "properties": {
        "id": "z-cherrapunji-40",
        "name": "Sohra escarpment cell +2,-2",
        "corridor_id": "cherrapunji",
        "state": "Meghalaya",
        "district": "East Khasi Hills",
        "lon": 91.87,
        "lat": 25.15,
        "slope_class": 4,
        "elevation_m": 1278,
        "soil_moisture": 0.592,
        "dist_drainage_km": 3.14,
        "lithology_proxy": 0.688,
        "prior_landslide_density": 0.265,
        "ndvi_proxy": 0.4,
        "inhabited": false,
        "highway": false
      }
    },
    {
      "type": "Feature",
      "geometry": {
        "type": "Polygon",
        "coordinates": [
          [
            [
              91.83500000000001,
              25.175
            ],
            [
              91.905,
              25.175
            ],
            [
              91.905,
              25.245
            ],
            [
              91.83500000000001,
              25.245
            ],
            [
              91.83500000000001,
              25.175
            ]
          ]
        ]
      },
      "properties": {
        "id": "z-cherrapunji-41",
        "name": "Sohra escarpment cell +2,-1",
        "corridor_id": "cherrapunji",
        "state": "Meghalaya",
        "district": "East Khasi Hills",
        "lon": 91.87,
        "lat": 25.21,
        "slope_class": 5,
        "elevation_m": 1439,
        "soil_moisture": 0.604,
        "dist_drainage_km": 2.46,
        "lithology_proxy": 0.79,
        "prior_landslide_density": 0.645,
        "ndvi_proxy": 0.363,
        "inhabited": true,
        "highway": false
      }
    },
    {
      "type": "Feature",
      "geometry": {
        "type": "Polygon",
        "coordinates": [
          [
            [
              91.83500000000001,
              25.235
            ],
            [
              91.905,
              25.235
            ],
            [
              91.905,
              25.305
            ],
            [
              91.83500000000001,
              25.305
            ],
            [
              91.83500000000001,
              25.235
            ]
          ]
        ]
      },
      "properties": {
        "id": "z-cherrapunji-42",
        "name": "Sohra escarpment cell +2,+0",
        "corridor_id": "cherrapunji",
        "state": "Meghalaya",
        "district": "East Khasi Hills",
        "lon": 91.87,
        "lat": 25.27,
        "slope_class": 5,
        "elevation_m": 1506,
        "soil_moisture": 0.606,
        "dist_drainage_km": 1.78,
        "lithology_proxy": 0.689,
        "prior_landslide_density": 0.952,
        "ndvi_proxy": 0.381,
        "inhabited": true,
        "highway": false
      }
    },
    {
      "type": "Feature",
      "geometry": {
        "type": "Polygon",
        "coordinates": [
          [
            [
              91.83500000000001,
              25.294999999999998
            ],
            [
              91.905,
              25.294999999999998
            ],
            [
              91.905,
              25.365
            ],
            [
              91.83500000000001,
              25.365
            ],
            [
              91.83500000000001,
              25.294999999999998
            ]
          ]
        ]
      },
      "properties": {
        "id": "z-cherrapunji-43",
        "name": "Sohra escarpment cell +2,+1",
        "corridor_id": "cherrapunji",
        "state": "Meghalaya",
        "district": "East Khasi Hills",
        "lon": 91.87,
        "lat": 25.33,
        "slope_class": 5,
        "elevation_m": 1567,
        "soil_moisture": 0.597,
        "dist_drainage_km": 2.35,
        "lithology_proxy": 0.656,
        "prior_landslide_density": 1.152,
        "ndvi_proxy": 0.734,
        "inhabited": true,
        "highway": false
      }
    },
    {
      "type": "Feature",
      "geometry": {
        "type": "Polygon",
        "coordinates": [
          [
            [
              91.83500000000001,
              25.355
            ],
            [
              91.905,
              25.355
            ],
            [
              91.905,
              25.425
            ],
            [
              91.83500000000001,
              25.425
            ],
            [
              91.83500000000001,
              25.355
            ]
          ]
        ]
      },
      "properties": {
        "id": "z-cherrapunji-44",
        "name": "Sohra escarpment cell +2,+2",
        "corridor_id": "cherrapunji",
        "state": "Meghalaya",
        "district": "East Khasi Hills",
        "lon": 91.87,
        "lat": 25.39,
        "slope_class": 4,
        "elevation_m": 1674,
        "soil_moisture": 0.568,
        "dist_drainage_km": 2.87,
        "lithology_proxy": 0.783,
        "prior_landslide_density": 1.229,
        "ndvi_proxy": 0.397,
        "inhabited": false,
        "highway": false
      }
    },
    {
      "type": "Feature",
      "geometry": {
        "type": "Polygon",
        "coordinates": [
          [
            [
              93.825,
              24.665
            ],
            [
              93.895,
              24.665
            ],
            [
              93.895,
              24.735
            ],
            [
              93.825,
              24.735
            ],
            [
              93.825,
              24.665
            ]
          ]
        ]
      },
      "properties": {
        "id": "z-imphal-00",
        "name": "Imphal hills cell -2,-2",
        "corridor_id": "imphal",
        "state": "Manipur",
        "district": "Imphal East",
        "lon": 93.86,
        "lat": 24.7,
        "slope_class": 3,
        "elevation_m": 660,
        "soil_moisture": 0.579,
        "dist_drainage_km": 2.98,
        "lithology_proxy": 0.537,
        "prior_landslide_density": 0.0,
        "ndvi_proxy": 0.717,
        "inhabited": false,
        "highway": false
      }
    },
    {
      "type": "Feature",
      "geometry": {
        "type": "Polygon",
        "coordinates": [
          [
            [
              93.825,
              24.725
            ],
            [
              93.895,
              24.725
            ],
            [
              93.895,
              24.795
            ],
            [
              93.825,
              24.795
            ],
            [
              93.825,
              24.725
            ]
          ]
        ]
      },
      "properties": {
        "id": "z-imphal-01",
        "name": "Imphal hills cell -2,-1",
        "corridor_id": "imphal",
        "state": "Manipur",
        "district": "Imphal East",
        "lon": 93.86,
        "lat": 24.76,
        "slope_class": 4,
        "elevation_m": 675,
        "soil_moisture": 0.618,
        "dist_drainage_km": 2.25,
        "lithology_proxy": 0.57,
        "prior_landslide_density": 0.0,
        "ndvi_proxy": 0.709,
        "inhabited": true,
        "highway": false
      }
    },
    {
      "type": "Feature",
      "geometry": {
        "type": "Polygon",
        "coordinates": [
          [
            [
              93.825,
              24.785
            ],
            [
              93.895,
              24.785
            ],
            [
              93.895,
              24.855
            ],
            [
              93.825,
              24.855
            ],
            [
              93.825,
              24.785
            ]
          ]
        ]
      },
      "properties": {
        "id": "z-imphal-02",
        "name": "Imphal hills cell -2,+0",
        "corridor_id": "imphal",
        "state": "Manipur",
        "district": "Imphal East",
        "lon": 93.86,
        "lat": 24.82,
        "slope_class": 4,
        "elevation_m": 741,
        "soil_moisture": 0.635,
        "dist_drainage_km": 1.92,
        "lithology_proxy": 0.677,
        "prior_landslide_density": 0.0,
        "ndvi_proxy": 0.617,
        "inhabited": true,
        "highway": false
      }
    },
    {
      "type": "Feature",
      "geometry": {
        "type": "Polygon",
        "coordinates": [
          [
            [
              93.825,
              24.845
            ],
            [
              93.895,
              24.845
            ],
            [
              93.895,
              24.915
            ],
            [
              93.825,
              24.915
            ],
            [
              93.825,
              24.845
            ]
          ]
        ]
      },
      "properties": {
        "id": "z-imphal-03",
        "name": "Imphal hills cell -2,+1",
        "corridor_id": "imphal",
        "state": "Manipur",
        "district": "Imphal East",
        "lon": 93.86,
        "lat": 24.88,
        "slope_class": 2,
        "elevation_m": 880,
        "soil_moisture": 0.504,
        "dist_drainage_km": 2.42,
        "lithology_proxy": 0.65,
        "prior_landslide_density": 0.0,
        "ndvi_proxy": 0.635,
        "inhabited": true,
        "highway": false
      }
    },
    {
      "type": "Feature",
      "geometry": {
        "type": "Polygon",
        "coordinates": [
          [
            [
              93.825,
              24.905
            ],
            [
              93.895,
              24.905
            ],
            [
              93.895,
              24.975
            ],
            [
              93.825,
              24.975
            ],
            [
              93.825,
              24.905
            ]
          ]
        ]
      },
      "properties": {
        "id": "z-imphal-04",
        "name": "Imphal hills cell -2,+2",
        "corridor_id": "imphal",
        "state": "Manipur",
        "district": "Imphal East",
        "lon": 93.86,
        "lat": 24.94,
        "slope_class": 3,
        "elevation_m": 991,
        "soil_moisture": 0.464,
        "dist_drainage_km": 2.94,
        "lithology_proxy": 0.677,
        "prior_landslide_density": 0.0,
        "ndvi_proxy": 0.667,
        "inhabited": false,
        "highway": false
      }
    },
    {
      "type": "Feature",
      "geometry": {
        "type": "Polygon",
        "coordinates": [
          [
            [
              93.89500000000001,
              24.665
            ],
            [
              93.965,
              24.665
            ],
            [
              93.965,
              24.735
            ],
            [
              93.89500000000001,
              24.735
            ],
            [
              93.89500000000001,
              24.665
            ]
          ]
        ]
      },
      "properties": {
        "id": "z-imphal-10",
        "name": "Imphal hills cell -1,-2",
        "corridor_id": "imphal",
        "state": "Manipur",
        "district": "Imphal East",
        "lon": 93.93,
        "lat": 24.7,
        "slope_class": 3,
        "elevation_m": 671,
        "soil_moisture": 0.484,
        "dist_drainage_km": 2.2,
        "lithology_proxy": 0.594,
        "prior_landslide_density": 0.0,
        "ndvi_proxy": 0.537,
        "inhabited": true,
        "highway": false
      }
    },
    {
      "type": "Feature",
      "geometry": {
        "type": "Polygon",
        "coordinates": [
          [
            [
              93.89500000000001,
              24.725
            ],
            [
              93.965,
              24.725
            ],
            [
              93.965,
              24.795
            ],
            [
              93.89500000000001,
              24.795
            ],
            [
              93.89500000000001,
              24.725
            ]
          ]
        ]
      },
      "properties": {
        "id": "z-imphal-11",
        "name": "Imphal hills cell -1,-1",
        "corridor_id": "imphal",
        "state": "Manipur",
        "district": "Imphal East",
        "lon": 93.93,
        "lat": 24.76,
        "slope_class": 3,
        "elevation_m": 728,
        "soil_moisture": 0.44,
        "dist_drainage_km": 1.75,
        "lithology_proxy": 0.56,
        "prior_landslide_density": 0.0,
        "ndvi_proxy": 0.637,
        "inhabited": true,
        "highway": true
      }
    },
    {
      "type": "Feature",
      "geometry": {
        "type": "Polygon",
        "coordinates": [
          [
            [
              93.89500000000001,
              24.785
            ],
            [
              93.965,
              24.785
            ],
            [
              93.965,
              24.855
            ],
            [
              93.89500000000001,
              24.855
            ],
            [
              93.89500000000001,
              24.785
            ]
          ]
        ]
      },
      "properties": {
        "id": "z-imphal-12",
        "name": "Imphal hills cell -1,+0",
        "corridor_id": "imphal",
        "state": "Manipur",
        "district": "Imphal East",
        "lon": 93.93,
        "lat": 24.82,
        "slope_class": 4,
        "elevation_m": 797,
        "soil_moisture": 0.551,
        "dist_drainage_km": 0.96,
        "lithology_proxy": 0.595,
        "prior_landslide_density": 0.0,
        "ndvi_proxy": 0.4,
        "inhabited": true,
        "highway": true
      }
    },
    {
      "type": "Feature",
      "geometry": {
        "type": "Polygon",
        "coordinates": [
          [
            [
              93.89500000000001,
              24.845
            ],
            [
              93.965,
              24.845
            ],
            [
              93.965,
              24.915
            ],
            [
              93.89500000000001,
              24.915
            ],
            [
              93.89500000000001,
              24.845
            ]
          ]
        ]
      },
      "properties": {
        "id": "z-imphal-13",
        "name": "Imphal hills cell -1,+1",
        "corridor_id": "imphal",
        "state": "Manipur",
        "district": "Imphal East",
        "lon": 93.93,
        "lat": 24.88,
        "slope_class": 3,
        "elevation_m": 892,
        "soil_moisture": 0.5,
        "dist_drainage_km": 1.43,
        "lithology_proxy": 0.583,
        "prior_landslide_density": 0.0,
        "ndvi_proxy": 0.401,
        "inhabited": true,
        "highway": true
      }
    },
    {
      "type": "Feature",
      "geometry": {
        "type": "Polygon",
        "coordinates": [
          [
            [
              93.89500000000001,
              24.905
            ],
            [
              93.965,
              24.905
            ],
            [
              93.965,
              24.975
            ],
            [
              93.89500000000001,
              24.975
            ],
            [
              93.89500000000001,
              24.905
            ]
          ]
        ]
      },
      "properties": {
        "id": "z-imphal-14",
        "name": "Imphal hills cell -1,+2",
        "corridor_id": "imphal",
        "state": "Manipur",
        "district": "Imphal East",
        "lon": 93.93,
        "lat": 24.94,
        "slope_class": 3,
        "elevation_m": 988,
        "soil_moisture": 0.495,
        "dist_drainage_km": 2.39,
        "lithology_proxy": 0.662,
        "prior_landslide_density": 0.0,
        "ndvi_proxy": 0.372,
        "inhabited": true,
        "highway": false
      }
    },
    {
      "type": "Feature",
      "geometry": {
        "type": "Polygon",
        "coordinates": [
          [
            [
              93.965,
              24.665
            ],
            [
              94.035,
              24.665
            ],
            [
              94.035,
              24.735
            ],
            [
              93.965,
              24.735
            ],
            [
              93.965,
              24.665
            ]
          ]
        ]
      },
      "properties": {
        "id": "z-imphal-20",
        "name": "Imphal hills cell +0,-2",
        "corridor_id": "imphal",
        "state": "Manipur",
        "district": "Imphal East",
        "lon": 94.0,
        "lat": 24.7,
        "slope_class": 2,
        "elevation_m": 636,
        "soil_moisture": 0.395,
        "dist_drainage_km": 1.26,
        "lithology_proxy": 0.545,
        "prior_landslide_density": 0.0,
        "ndvi_proxy": 0.634,
        "inhabited": true,
        "highway": false
      }
    },
    {
      "type": "Feature",
      "geometry": {
        "type": "Polygon",
        "coordinates": [
          [
            [
              93.965,
              24.725
            ],
            [
              94.035,
              24.725
            ],
            [
              94.035,
              24.795
            ],
            [
              93.965,
              24.795
            ],
            [
              93.965,
              24.725
            ]
          ]
        ]
      },
      "properties": {
        "id": "z-imphal-21",
        "name": "Imphal hills cell +0,-1",
        "corridor_id": "imphal",
        "state": "Manipur",
        "district": "Imphal East",
        "lon": 94.0,
        "lat": 24.76,
        "slope_class": 3,
        "elevation_m": 770,
        "soil_moisture": 0.473,
        "dist_drainage_km": 0.81,
        "lithology_proxy": 0.496,
        "prior_landslide_density": 0.0,
        "ndvi_proxy": 0.429,
        "inhabited": true,
        "highway": true
      }
    },
    {
      "type": "Feature",
      "geometry": {
        "type": "Polygon",
        "coordinates": [
          [
            [
              93.965,
              24.785
            ],
            [
              94.035,
              24.785
            ],
            [
              94.035,
              24.855
            ],
            [
              93.965,
              24.855
            ],
            [
              93.965,
              24.785
            ]
          ]
        ]
      },
      "properties": {
        "id": "z-imphal-22",
        "name": "Imphal hills cell +0,+0",
        "corridor_id": "imphal",
        "state": "Manipur",
        "district": "Imphal East",
        "lon": 94.0,
        "lat": 24.82,
        "slope_class": 3,
        "elevation_m": 746,
        "soil_moisture": 0.522,
        "dist_drainage_km": 0.25,
        "lithology_proxy": 0.499,
        "prior_landslide_density": 0.0,
        "ndvi_proxy": 0.606,
        "inhabited": true,
        "highway": true
      }
    },
    {
      "type": "Feature",
      "geometry": {
        "type": "Polygon",
        "coordinates": [
          [
            [
              93.965,
              24.845
            ],
            [
              94.035,
              24.845
            ],
            [
              94.035,
              24.915
            ],
            [
              93.965,
              24.915
            ],
            [
              93.965,
              24.845
            ]
          ]
        ]
      },
      "properties": {
        "id": "z-imphal-23",
        "name": "Imphal hills cell +0,+1",
        "corridor_id": "imphal",
        "state": "Manipur",
        "district": "Imphal East",
        "lon": 94.0,
        "lat": 24.88,
        "slope_class": 3,
        "elevation_m": 831,
        "soil_moisture": 0.538,
        "dist_drainage_km": 0.86,
        "lithology_proxy": 0.601,
        "prior_landslide_density": 0.0,
        "ndvi_proxy": 0.687,
        "inhabited": true,
        "highway": true
      }
    },
    {
      "type": "Feature",
      "geometry": {
        "type": "Polygon",
        "coordinates": [
          [
            [
              93.965,
              24.905
            ],
            [
              94.035,
              24.905
            ],
            [
              94.035,
              24.975
            ],
            [
              93.965,
              24.975
            ],
            [
              93.965,
              24.905
            ]
          ]
        ]
      },
      "properties": {
        "id": "z-imphal-24",
        "name": "Imphal hills cell +0,+2",
        "corridor_id": "imphal",
        "state": "Manipur",
        "district": "Imphal East",
        "lon": 94.0,
        "lat": 24.94,
        "slope_class": 2,
        "elevation_m": 995,
        "soil_moisture": 0.382,
        "dist_drainage_km": 1.55,
        "lithology_proxy": 0.67,
        "prior_landslide_density": 0.0,
        "ndvi_proxy": 0.658,
        "inhabited": true,
        "highway": false
      }
    },
    {
      "type": "Feature",
      "geometry": {
        "type": "Polygon",
        "coordinates": [
          [
            [
              94.035,
              24.665
            ],
            [
              94.10499999999999,
              24.665
            ],
            [
              94.10499999999999,
              24.735
            ],
            [
              94.035,
              24.735
            ],
            [
              94.035,
              24.665
            ]
          ]
        ]
      },
      "properties": {
        "id": "z-imphal-30",
        "name": "Imphal hills cell +1,-2",
        "corridor_id": "imphal",
        "state": "Manipur",
        "district": "Imphal East",
        "lon": 94.07,
        "lat": 24.7,
        "slope_class": 3,
        "elevation_m": 653,
        "soil_moisture": 0.516,
        "dist_drainage_km": 2.08,
        "lithology_proxy": 0.604,
        "prior_landslide_density": 0.0,
        "ndvi_proxy": 0.362,
        "inhabited": true,
        "highway": false
      }
    },
    {
      "type": "Feature",
      "geometry": {
        "type": "Polygon",
        "coordinates": [
          [
            [
              94.035,
              24.725
            ],
            [
              94.10499999999999,
              24.725
            ],
            [
              94.10499999999999,
              24.795
            ],
            [
              94.035,
              24.795
            ],
            [
              94.035,
              24.725
            ]
          ]
        ]
      },
      "properties": {
        "id": "z-imphal-31",
        "name": "Imphal hills cell +1,-1",
        "corridor_id": "imphal",
        "state": "Manipur",
        "district": "Imphal East",
        "lon": 94.07,
        "lat": 24.76,
        "slope_class": 3,
        "elevation_m": 732,
        "soil_moisture": 0.502,
        "dist_drainage_km": 1.78,
        "lithology_proxy": 0.641,
        "prior_landslide_density": 0.0,
        "ndvi_proxy": 0.624,
        "inhabited": true,
        "highway": true
      }
    },
    {
      "type": "Feature",
      "geometry": {
        "type": "Polygon",
        "coordinates": [
          [
            [
              94.035,
              24.785
            ],
            [
              94.10499999999999,
              24.785
            ],
            [
              94.10499999999999,
              24.855
            ],
            [
              94.035,
              24.855
            ],
            [
              94.035,
              24.785
            ]
          ]
        ]
      },
      "properties": {
        "id": "z-imphal-32",
        "name": "Imphal hills cell +1,+0",
        "corridor_id": "imphal",
        "state": "Manipur",
        "district": "Imphal East",
        "lon": 94.07,
        "lat": 24.82,
        "slope_class": 3,
        "elevation_m": 788,
        "soil_moisture": 0.439,
        "dist_drainage_km": 0.83,
        "lithology_proxy": 0.568,
        "prior_landslide_density": 0.0,
        "ndvi_proxy": 0.544,
        "inhabited": true,
        "highway": true
      }
    },
    {
      "type": "Feature",
      "geometry": {
        "type": "Polygon",
        "coordinates": [
          [
            [
              94.035,
              24.845
            ],
            [
              94.10499999999999,
              24.845
            ],
            [
              94.10499999999999,
              24.915
            ],
            [
              94.035,
              24.915
            ],
            [
              94.035,
              24.845
            ]
          ]
        ]
      },
      "properties": {
        "id": "z-imphal-33",
        "name": "Imphal hills cell +1,+1",
        "corridor_id": "imphal",
        "state": "Manipur",
        "district": "Imphal East",
        "lon": 94.07,
        "lat": 24.88,
        "slope_class": 3,
        "elevation_m": 853,
        "soil_moisture": 0.477,
        "dist_drainage_km": 1.64,
        "lithology_proxy": 0.624,
        "prior_landslide_density": 0.0,
        "ndvi_proxy": 0.644,
        "inhabited": true,
        "highway": true
      }
    },
    {
      "type": "Feature",
      "geometry": {
        "type": "Polygon",
        "coordinates": [
          [
            [
              94.035,
              24.905
            ],
            [
              94.10499999999999,
              24.905
            ],
            [
              94.10499999999999,
              24.975
            ],
            [
              94.035,
              24.975
            ],
            [
              94.035,
              24.905
            ]
          ]
        ]
      },
      "properties": {
        "id": "z-imphal-34",
        "name": "Imphal hills cell +1,+2",
        "corridor_id": "imphal",
        "state": "Manipur",
        "district": "Imphal East",
        "lon": 94.07,
        "lat": 24.94,
        "slope_class": 3,
        "elevation_m": 941,
        "soil_moisture": 0.486,
        "dist_drainage_km": 2.05,
        "lithology_proxy": 0.592,
        "prior_landslide_density": 0.0,
        "ndvi_proxy": 0.478,
        "inhabited": true,
        "highway": false
      }
    },
    {
      "type": "Feature",
      "geometry": {
        "type": "Polygon",
        "coordinates": [
          [
            [
              94.105,
              24.665
            ],
            [
              94.175,
              24.665
            ],
            [
              94.175,
              24.735
            ],
            [
              94.105,
              24.735
            ],
            [
              94.105,
              24.665
            ]
          ]
        ]
      },
      "properties": {
        "id": "z-imphal-40",
        "name": "Imphal hills cell +2,-2",
        "corridor_id": "imphal",
        "state": "Manipur",
        "district": "Imphal East",
        "lon": 94.14,
        "lat": 24.7,
        "slope_class": 4,
        "elevation_m": 585,
        "soil_moisture": 0.527,
        "dist_drainage_km": 2.91,
        "lithology_proxy": 0.499,
        "prior_landslide_density": 0.0,
        "ndvi_proxy": 0.466,
        "inhabited": false,
        "highway": false
      }
    },
    {
      "type": "Feature",
      "geometry": {
        "type": "Polygon",
        "coordinates": [
          [
            [
              94.105,
              24.725
            ],
            [
              94.175,
              24.725
            ],
            [
              94.175,
              24.795
            ],
            [
              94.105,
              24.795
            ],
            [
              94.105,
              24.725
            ]
          ]
        ]
      },
      "properties": {
        "id": "z-imphal-41",
        "name": "Imphal hills cell +2,-1",
        "corridor_id": "imphal",
        "state": "Manipur",
        "district": "Imphal East",
        "lon": 94.14,
        "lat": 24.76,
        "slope_class": 4,
        "elevation_m": 760,
        "soil_moisture": 0.527,
        "dist_drainage_km": 2.45,
        "lithology_proxy": 0.653,
        "prior_landslide_density": 0.0,
        "ndvi_proxy": 0.414,
        "inhabited": true,
        "highway": false
      }
    },
    {
      "type": "Feature",
      "geometry": {
        "type": "Polygon",
        "coordinates": [
          [
            [
              94.105,
              24.785
            ],
            [
              94.175,
              24.785
            ],
            [
              94.175,
              24.855
            ],
            [
              94.105,
              24.855
            ],
            [
              94.105,
              24.785
            ]
          ]
        ]
      },
      "properties": {
        "id": "z-imphal-42",
        "name": "Imphal hills cell +2,+0",
        "corridor_id": "imphal",
        "state": "Manipur",
        "district": "Imphal East",
        "lon": 94.14,
        "lat": 24.82,
        "slope_class": 3,
        "elevation_m": 849,
        "soil_moisture": 0.477,
        "dist_drainage_km": 1.83,
        "lithology_proxy": 0.633,
        "prior_landslide_density": 0.0,
        "ndvi_proxy": 0.549,
        "inhabited": true,
        "highway": false
      }
    },
    {
      "type": "Feature",
      "geometry": {
        "type": "Polygon",
        "coordinates": [
          [
            [
              94.105,
              24.845
            ],
            [
              94.175,
              24.845
            ],
            [
              94.175,
              24.915
            ],
            [
              94.105,
              24.915
            ],
            [
              94.105,
              24.845
            ]
          ]
        ]
      },
      "properties": {
        "id": "z-imphal-43",
        "name": "Imphal hills cell +2,+1",
        "corridor_id": "imphal",
        "state": "Manipur",
        "district": "Imphal East",
        "lon": 94.14,
        "lat": 24.88,
        "slope_class": 4,
        "elevation_m": 873,
        "soil_moisture": 0.565,
        "dist_drainage_km": 2.55,
        "lithology_proxy": 0.498,
        "prior_landslide_density": 0.0,
        "ndvi_proxy": 0.507,
        "inhabited": true,
        "highway": false
      }
    },
    {
      "type": "Feature",
      "geometry": {
        "type": "Polygon",
        "coordinates": [
          [
            [
              94.105,
              24.905
            ],
            [
              94.175,
              24.905
            ],
            [
              94.175,
              24.975
            ],
            [
              94.105,
              24.975
            ],
            [
              94.105,
              24.905
            ]
          ]
        ]
      },
      "properties": {
        "id": "z-imphal-44",
        "name": "Imphal hills cell +2,+2",
        "corridor_id": "imphal",
        "state": "Manipur",
        "district": "Imphal East",
        "lon": 94.14,
        "lat": 24.94,
        "slope_class": 4,
        "elevation_m": 920,
        "soil_moisture": 0.543,
        "dist_drainage_km": 2.89,
        "lithology_proxy": 0.49,
        "prior_landslide_density": 0.0,
        "ndvi_proxy": 0.548,
        "inhabited": false,
        "highway": false
      }
    },
    {
      "type": "Feature",
      "geometry": {
        "type": "Polygon",
        "coordinates": [
          [
            [
              94.185,
              24.965
            ],
            [
              94.255,
              24.965
            ],
            [
              94.255,
              25.035
            ],
            [
              94.185,
              25.035
            ],
            [
              94.185,
              24.965
            ]
          ]
        ]
      },
      "properties": {
        "id": "z-ukhrul-00",
        "name": "Ukhrul ridge cell -2,-2",
        "corridor_id": "ukhrul",
        "state": "Manipur",
        "district": "Ukhrul",
        "lon": 94.22,
        "lat": 25.0,
        "slope_class": 5,
        "elevation_m": 1476,
        "soil_moisture": 0.677,
        "dist_drainage_km": 3.01,
        "lithology_proxy": 0.706,
        "prior_landslide_density": 0.265,
        "ndvi_proxy": 0.703,
        "inhabited": false,
        "highway": false
      }
    },
    {
      "type": "Feature",
      "geometry": {
        "type": "Polygon",
        "coordinates": [
          [
            [
              94.185,
              25.025000000000002
            ],
            [
              94.255,
              25.025000000000002
            ],
            [
              94.255,
              25.095000000000002
            ],
            [
              94.185,
              25.095000000000002
            ],
            [
              94.185,
              25.025000000000002
            ]
          ]
        ]
      },
      "properties": {
        "id": "z-ukhrul-01",
        "name": "Ukhrul ridge cell -2,-1",
        "corridor_id": "ukhrul",
        "state": "Manipur",
        "district": "Ukhrul",
        "lon": 94.22,
        "lat": 25.06,
        "slope_class": 4,
        "elevation_m": 1617,
        "soil_moisture": 0.497,
        "dist_drainage_km": 2.36,
        "lithology_proxy": 0.63,
        "prior_landslide_density": 0.409,
        "ndvi_proxy": 0.575,
        "inhabited": true,
        "highway": false
      }
    },
    {
      "type": "Feature",
      "geometry": {
        "type": "Polygon",
        "coordinates": [
          [
            [
              94.185,
              25.085
            ],
            [
              94.255,
              25.085
            ],
            [
              94.255,
              25.155
            ],
            [
              94.185,
              25.155
            ],
            [
              94.185,
              25.085
            ]
          ]
        ]
      },
      "properties": {
        "id": "z-ukhrul-02",
        "name": "Ukhrul ridge cell -2,+0",
        "corridor_id": "ukhrul",
        "state": "Manipur",
        "district": "Ukhrul",
        "lon": 94.22,
        "lat": 25.12,
        "slope_class": 4,
        "elevation_m": 1670,
        "soil_moisture": 0.548,
        "dist_drainage_km": 1.72,
        "lithology_proxy": 0.71,
        "prior_landslide_density": 0.478,
        "ndvi_proxy": 0.57,
        "inhabited": true,
        "highway": false
      }
    },
    {
      "type": "Feature",
      "geometry": {
        "type": "Polygon",
        "coordinates": [
          [
            [
              94.185,
              25.145
            ],
            [
              94.255,
              25.145
            ],
            [
              94.255,
              25.215
            ],
            [
              94.185,
              25.215
            ],
            [
              94.185,
              25.145
            ]
          ]
        ]
      },
      "properties": {
        "id": "z-ukhrul-03",
        "name": "Ukhrul ridge cell -2,+1",
        "corridor_id": "ukhrul",
        "state": "Manipur",
        "district": "Ukhrul",
        "lon": 94.22,
        "lat": 25.18,
        "slope_class": 3,
        "elevation_m": 1696,
        "soil_moisture": 0.489,
        "dist_drainage_km": 2.59,
        "lithology_proxy": 0.779,
        "prior_landslide_density": 0.443,
        "ndvi_proxy": 0.486,
        "inhabited": true,
        "highway": false
      }
    },
    {
      "type": "Feature",
      "geometry": {
        "type": "Polygon",
        "coordinates": [
          [
            [
              94.185,
              25.205000000000002
            ],
            [
              94.255,
              25.205000000000002
            ],
            [
              94.255,
              25.275000000000002
            ],
            [
              94.185,
              25.275000000000002
            ],
            [
              94.185,
              25.205000000000002
            ]
          ]
        ]
      },
      "properties": {
        "id": "z-ukhrul-04",
        "name": "Ukhrul ridge cell -2,+2",
        "corridor_id": "ukhrul",
        "state": "Manipur",
        "district": "Ukhrul",
        "lon": 94.22,
        "lat": 25.24,
        "slope_class": 4,
        "elevation_m": 1856,
        "soil_moisture": 0.58,
        "dist_drainage_km": 2.86,
        "lithology_proxy": 0.7,
        "prior_landslide_density": 0.319,
        "ndvi_proxy": 0.366,
        "inhabited": false,
        "highway": false
      }
    },
    {
      "type": "Feature",
      "geometry": {
        "type": "Polygon",
        "coordinates": [
          [
            [
              94.25500000000001,
              24.965
            ],
            [
              94.325,
              24.965
            ],
            [
              94.325,
              25.035
            ],
            [
              94.25500000000001,
              25.035
            ],
            [
              94.25500000000001,
              24.965
            ]
          ]
        ]
      },
      "properties": {
        "id": "z-ukhrul-10",
        "name": "Ukhrul ridge cell -1,-2",
        "corridor_id": "ukhrul",
        "state": "Manipur",
        "district": "Ukhrul",
        "lon": 94.29,
        "lat": 25.0,
        "slope_class": 3,
        "elevation_m": 1457,
        "soil_moisture": 0.551,
        "dist_drainage_km": 2.29,
        "lithology_proxy": 0.724,
        "prior_landslide_density": 0.427,
        "ndvi_proxy": 0.41,
        "inhabited": true,
        "highway": false
      }
    },
    {
      "type": "Feature",
      "geometry": {
        "type": "Polygon",
        "coordinates": [
          [
            [
              94.25500000000001,
              25.025000000000002
            ],
            [
              94.325,
              25.025000000000002
            ],
            [
              94.325,
              25.095000000000002
            ],
            [
              94.25500000000001,
              25.095000000000002
            ],
            [
              94.25500000000001,
              25.025000000000002
            ]
          ]
        ]
      },
      "properties": {
        "id": "z-ukhrul-11",
        "name": "Ukhrul ridge cell -1,-1",
        "corridor_id": "ukhrul",
        "state": "Manipur",
        "district": "Ukhrul",
        "lon": 94.29,
        "lat": 25.06,
        "slope_class": 4,
        "elevation_m": 1561,
        "soil_moisture": 0.538,
        "dist_drainage_km": 1.77,
        "lithology_proxy": 0.699,
        "prior_landslide_density": 0.631,
        "ndvi_proxy": 0.597,
        "inhabited": true,
        "highway": true
      }
    },
    {
      "type": "Feature",
      "geometry": {
        "type": "Polygon",
        "coordinates": [
          [
            [
              94.25500000000001,
              25.085
            ],
            [
              94.325,
              25.085
            ],
            [
              94.325,
              25.155
            ],
            [
              94.25500000000001,
              25.155
            ],
            [
              94.25500000000001,
              25.085
            ]
          ]
        ]
      },
      "properties": {
        "id": "z-ukhrul-12",
        "name": "Ukhrul ridge cell -1,+0",
        "corridor_id": "ukhrul",
        "state": "Manipur",
        "district": "Ukhrul",
        "lon": 94.29,
        "lat": 25.12,
        "slope_class": 4,
        "elevation_m": 1675,
        "soil_moisture": 0.614,
        "dist_drainage_km": 0.93,
        "lithology_proxy": 0.726,
        "prior_landslide_density": 0.757,
        "ndvi_proxy": 0.633,
        "inhabited": true,
        "highway": true
      }
    },
    {
      "type": "Feature",
      "geometry": {
        "type": "Polygon",
        "coordinates": [
          [
            [
              94.25500000000001,
              25.145
            ],
            [
              94.325,
              25.145
            ],
            [
              94.325,
              25.215
            ],
            [
              94.25500000000001,
              25.215
            ],
            [
              94.25500000000001,
              25.145
            ]
          ]
        ]
      },
      "properties": {
        "id": "z-ukhrul-13",
        "name": "Ukhrul ridge cell -1,+1",
        "corridor_id": "ukhrul",
        "state": "Manipur",
        "district": "Ukhrul",
        "lon": 94.29,
        "lat": 25.18,
        "slope_class": 4,
        "elevation_m": 1740,
        "soil_moisture": 0.545,
        "dist_drainage_km": 1.73,
        "lithology_proxy": 0.755,
        "prior_landslide_density": 0.688,
        "ndvi_proxy": 0.742,
        "inhabited": true,
        "highway": true
      }
    },
    {
      "type": "Feature",
      "geometry": {
        "type": "Polygon",
        "coordinates": [
          [
            [
              94.25500000000001,
              25.205000000000002
            ],
            [
              94.325,
              25.205000000000002
            ],
            [
              94.325,
              25.275000000000002
            ],
            [
              94.25500000000001,
              25.275000000000002
            ],
            [
              94.25500000000001,
              25.205000000000002
            ]
          ]
        ]
      },
      "properties": {
        "id": "z-ukhrul-14",
        "name": "Ukhrul ridge cell -1,+2",
        "corridor_id": "ukhrul",
        "state": "Manipur",
        "district": "Ukhrul",
        "lon": 94.29,
        "lat": 25.24,
        "slope_class": 4,
        "elevation_m": 1861,
        "soil_moisture": 0.621,
        "dist_drainage_km": 2.36,
        "lithology_proxy": 0.746,
        "prior_landslide_density": 0.499,
        "ndvi_proxy": 0.589,
        "inhabited": true,
        "highway": false
      }
    },
    {
      "type": "Feature",
      "geometry": {
        "type": "Polygon",
        "coordinates": [
          [
            [
              94.325,
              24.965
            ],
            [
              94.395,
              24.965
            ],
            [
              94.395,
              25.035
            ],
            [
              94.325,
              25.035
            ],
            [
              94.325,
              24.965
            ]
          ]
        ]
      },
      "properties": {
        "id": "z-ukhrul-20",
        "name": "Ukhrul ridge cell +0,-2",
        "corridor_id": "ukhrul",
        "state": "Manipur",
        "district": "Ukhrul",
        "lon": 94.36,
        "lat": 25.0,
        "slope_class": 4,
        "elevation_m": 1523,
        "soil_moisture": 0.606,
        "dist_drainage_km": 1.51,
        "lithology_proxy": 0.736,
        "prior_landslide_density": 0.478,
        "ndvi_proxy": 0.639,
        "inhabited": true,
        "highway": false
      }
    },
    {
      "type": "Feature",
      "geometry": {
        "type": "Polygon",
        "coordinates": [
          [
            [
              94.325,
              25.025000000000002
            ],
            [
              94.395,
              25.025000000000002
            ],
            [
              94.395,
              25.095000000000002
            ],
            [
              94.325,
              25.095000000000002
            ],
            [
              94.325,
              25.025000000000002
            ]
          ]
        ]
      },
      "properties": {
        "id": "z-ukhrul-21",
        "name": "Ukhrul ridge cell +0,-1",
        "corridor_id": "ukhrul",
        "state": "Manipur",
        "district": "Ukhrul",
        "lon": 94.36,
        "lat": 25.06,
        "slope_class": 5,
        "elevation_m": 1541,
        "soil_moisture": 0.658,
        "dist_drainage_km": 0.81,
        "lithology_proxy": 0.775,
        "prior_landslide_density": 0.717,
        "ndvi_proxy": 0.502,
        "inhabited": true,
        "highway": true
      }
    },
    {
      "type": "Feature",
      "geometry": {
        "type": "Polygon",
        "coordinates": [
          [
            [
              94.325,
              25.085
            ],
            [
              94.395,
              25.085
            ],
            [
              94.395,
              25.155
            ],
            [
              94.325,
              25.155
            ],
            [
              94.325,
              25.085
            ]
          ]
        ]
      },
      "properties": {
        "id": "z-ukhrul-22",
        "name": "Ukhrul ridge cell +0,+0",
        "corridor_id": "ukhrul",
        "state": "Manipur",
        "district": "Ukhrul",
        "lon": 94.36,
        "lat": 25.12,
        "slope_class": 4,
        "elevation_m": 1604,
        "soil_moisture": 0.595,
        "dist_drainage_km": 0.23,
        "lithology_proxy": 0.658,
        "prior_landslide_density": 0.943,
        "ndvi_proxy": 0.526,
        "inhabited": true,
        "highway": true
      }
    },
    {
      "type": "Feature",
      "geometry": {
        "type": "Polygon",
        "coordinates": [
          [
            [
              94.325,
              25.145
            ],
            [
              94.395,
              25.145
            ],
            [
              94.395,
              25.215
            ],
            [
              94.325,
              25.215
            ],
            [
              94.325,
              25.145
            ]
          ]
        ]
      },
      "properties": {
        "id": "z-ukhrul-23",
        "name": "Ukhrul ridge cell +0,+1",
        "corridor_id": "ukhrul",
        "state": "Manipur",
        "district": "Ukhrul",
        "lon": 94.36,
        "lat": 25.18,
        "slope_class": 5,
        "elevation_m": 1699,
        "soil_moisture": 0.581,
        "dist_drainage_km": 0.77,
        "lithology_proxy": 0.72,
        "prior_landslide_density": 0.796,
        "ndvi_proxy": 0.595,
        "inhabited": true,
        "highway": true
      }
    },
    {
      "type": "Feature",
      "geometry": {
        "type": "Polygon",
        "coordinates": [
          [
            [
              94.325,
              25.205000000000002
            ],
            [
              94.395,
              25.205000000000002
            ],
            [
              94.395,
              25.275000000000002
            ],
            [
              94.325,
              25.275000000000002
            ],
            [
              94.325,
              25.205000000000002
            ]
          ]
        ]
      },
      "properties": {
        "id": "z-ukhrul-24",
        "name": "Ukhrul ridge cell +0,+2",
        "corridor_id": "ukhrul",
        "state": "Manipur",
        "district": "Ukhrul",
        "lon": 94.36,
        "lat": 25.24,
        "slope_class": 5,
        "elevation_m": 1871,
        "soil_moisture": 0.659,
        "dist_drainage_km": 1.54,
        "lithology_proxy": 0.761,
        "prior_landslide_density": 0.558,
        "ndvi_proxy": 0.557,
        "inhabited": true,
        "highway": false
      }
    },
    {
      "type": "Feature",
      "geometry": {
        "type": "Polygon",
        "coordinates": [
          [
            [
              94.395,
              24.965
            ],
            [
              94.46499999999999,
              24.965
            ],
            [
              94.46499999999999,
              25.035
            ],
            [
              94.395,
              25.035
            ],
            [
              94.395,
              24.965
            ]
          ]
        ]
      },
      "properties": {
        "id": "z-ukhrul-30",
        "name": "Ukhrul ridge cell +1,-2",
        "corridor_id": "ukhrul",
        "state": "Manipur",
        "district": "Ukhrul",
        "lon": 94.43,
        "lat": 25.0,
        "slope_class": 4,
        "elevation_m": 1524,
        "soil_moisture": 0.547,
        "dist_drainage_km": 2.19,
        "lithology_proxy": 0.811,
        "prior_landslide_density": 0.389,
        "ndvi_proxy": 0.534,
        "inhabited": true,
        "highway": false
      }
    },
    {
      "type": "Feature",
      "geometry": {
        "type": "Polygon",
        "coordinates": [
          [
            [
              94.395,
              25.025000000000002
            ],
            [
              94.46499999999999,
              25.025000000000002
            ],
            [
              94.46499999999999,
              25.095000000000002
            ],
            [
              94.395,
              25.095000000000002
            ],
            [
              94.395,
              25.025000000000002
            ]
          ]
        ]
      },
      "properties": {
        "id": "z-ukhrul-31",
        "name": "Ukhrul ridge cell +1,-1",
        "corridor_id": "ukhrul",
        "state": "Manipur",
        "district": "Ukhrul",
        "lon": 94.43,
        "lat": 25.06,
        "slope_class": 4,
        "elevation_m": 1589,
        "soil_moisture": 0.606,
        "dist_drainage_km": 1.54,
        "lithology_proxy": 0.764,
        "prior_landslide_density": 0.575,
        "ndvi_proxy": 0.607,
        "inhabited": true,
        "highway": true
      }
    },
    {
      "type": "Feature",
      "geometry": {
        "type": "Polygon",
        "coordinates": [
          [
            [
              94.395,
              25.085
            ],
            [
              94.46499999999999,
              25.085
            ],
            [
              94.46499999999999,
              25.155
            ],
            [
              94.395,
              25.155
            ],
            [
              94.395,
              25.085
            ]
          ]
        ]
      },
      "properties": {
        "id": "z-ukhrul-32",
        "name": "Ukhrul ridge cell +1,+0",
        "corridor_id": "ukhrul",
        "state": "Manipur",
        "district": "Ukhrul",
        "lon": 94.43,
        "lat": 25.12,
        "slope_class": 4,
        "elevation_m": 1678,
        "soil_moisture": 0.634,
        "dist_drainage_km": 0.99,
        "lithology_proxy": 0.676,
        "prior_landslide_density": 0.678,
        "ndvi_proxy": 0.469,
        "inhabited": true,
        "highway": true
      }
    },
    {
      "type": "Feature",
      "geometry": {
        "type": "Polygon",
        "coordinates": [
          [
            [
              94.395,
              25.145
            ],
            [
              94.46499999999999,
              25.145
            ],
            [
              94.46499999999999,
              25.215
            ],
            [
              94.395,
              25.215
            ],
            [
              94.395,
              25.145
            ]
          ]
        ]
      },
      "properties": {
        "id": "z-ukhrul-33",
        "name": "Ukhrul ridge cell +1,+1",
        "corridor_id": "ukhrul",
        "state": "Manipur",
        "district": "Ukhrul",
        "lon": 94.43,
        "lat": 25.18,
        "slope_class": 4,
        "elevation_m": 1778,
        "soil_moisture": 0.521,
        "dist_drainage_km": 1.52,
        "lithology_proxy": 0.761,
        "prior_landslide_density": 0.623,
        "ndvi_proxy": 0.477,
        "inhabited": true,
        "highway": true
      }
    },
    {
      "type": "Feature",
      "geometry": {
        "type": "Polygon",
        "coordinates": [
          [
            [
              94.395,
              25.205000000000002
            ],
            [
              94.46499999999999,
              25.205000000000002
            ],
            [
              94.46499999999999,
              25.275000000000002
            ],
            [
              94.395,
              25.275000000000002
            ],
            [
              94.395,
              25.205000000000002
            ]
          ]
        ]
      },
      "properties": {
        "id": "z-ukhrul-34",
        "name": "Ukhrul ridge cell +1,+2",
        "corridor_id": "ukhrul",
        "state": "Manipur",
        "district": "Ukhrul",
        "lon": 94.43,
        "lat": 25.24,
        "slope_class": 4,
        "elevation_m": 1831,
        "soil_moisture": 0.609,
        "dist_drainage_km": 2.37,
        "lithology_proxy": 0.675,
        "prior_landslide_density": 0.456,
        "ndvi_proxy": 0.399,
        "inhabited": true,
        "highway": false
      }
    },
    {
      "type": "Feature",
      "geometry": {
        "type": "Polygon",
        "coordinates": [
          [
            [
              94.465,
              24.965
            ],
            [
              94.535,
              24.965
            ],
            [
              94.535,
              25.035
            ],
            [
              94.465,
              25.035
            ],
            [
              94.465,
              24.965
            ]
          ]
        ]
      },
      "properties": {
        "id": "z-ukhrul-40",
        "name": "Ukhrul ridge cell +2,-2",
        "corridor_id": "ukhrul",
        "state": "Manipur",
        "district": "Ukhrul",
        "lon": 94.5,
        "lat": 25.0,
        "slope_class": 5,
        "elevation_m": 1554,
        "soil_moisture": 0.673,
        "dist_drainage_km": 3.19,
        "lithology_proxy": 0.811,
        "prior_landslide_density": 0.206,
        "ndvi_proxy": 0.672,
        "inhabited": false,
        "highway": false
      }
    },
    {
      "type": "Feature",
      "geometry": {
        "type": "Polygon",
        "coordinates": [
          [
            [
              94.465,
              25.025000000000002
            ],
            [
              94.535,
              25.025000000000002
            ],
            [
              94.535,
              25.095000000000002
            ],
            [
              94.465,
              25.095000000000002
            ],
            [
              94.465,
              25.025000000000002
            ]
          ]
        ]
      },
      "properties": {
        "id": "z-ukhrul-41",
        "name": "Ukhrul ridge cell +2,-1",
        "corridor_id": "ukhrul",
        "state": "Manipur",
        "district": "Ukhrul",
        "lon": 94.5,
        "lat": 25.06,
        "slope_class": 4,
        "elevation_m": 1525,
        "soil_moisture": 0.597,
        "dist_drainage_km": 2.32,
        "lithology_proxy": 0.689,
        "prior_landslide_density": 0.338,
        "ndvi_proxy": 0.527,
        "inhabited": true,
        "highway": false
      }
    },
    {
      "type": "Feature",
      "geometry": {
        "type": "Polygon",
        "coordinates": [
          [
            [
              94.465,
              25.085
            ],
            [
              94.535,
              25.085
            ],
            [
              94.535,
              25.155
            ],
            [
              94.465,
              25.155
            ],
            [
              94.465,
              25.085
            ]
          ]
        ]
      },
      "properties": {
        "id": "z-ukhrul-42",
        "name": "Ukhrul ridge cell +2,+0",
        "corridor_id": "ukhrul",
        "state": "Manipur",
        "district": "Ukhrul",
        "lon": 94.5,
        "lat": 25.12,
        "slope_class": 4,
        "elevation_m": 1695,
        "soil_moisture": 0.52,
        "dist_drainage_km": 1.79,
        "lithology_proxy": 0.728,
        "prior_landslide_density": 0.399,
        "ndvi_proxy": 0.723,
        "inhabited": true,
        "highway": false
      }
    },
    {
      "type": "Feature",
      "geometry": {
        "type": "Polygon",
        "coordinates": [
          [
            [
              94.465,
              25.145
            ],
            [
              94.535,
              25.145
            ],
            [
              94.535,
              25.215
            ],
            [
              94.465,
              25.215
            ],
            [
              94.465,
              25.145
            ]
          ]
        ]
      },
      "properties": {
        "id": "z-ukhrul-43",
        "name": "Ukhrul ridge cell +2,+1",
        "corridor_id": "ukhrul",
        "state": "Manipur",
        "district": "Ukhrul",
        "lon": 94.5,
        "lat": 25.18,
        "slope_class": 4,
        "elevation_m": 1697,
        "soil_moisture": 0.601,
        "dist_drainage_km": 2.24,
        "lithology_proxy": 0.668,
        "prior_landslide_density": 0.368,
        "ndvi_proxy": 0.37,
        "inhabited": true,
        "highway": false
      }
    },
    {
      "type": "Feature",
      "geometry": {
        "type": "Polygon",
        "coordinates": [
          [
            [
              94.465,
              25.205000000000002
            ],
            [
              94.535,
              25.205000000000002
            ],
            [
              94.535,
              25.275000000000002
            ],
            [
              94.465,
              25.275000000000002
            ],
            [
              94.465,
              25.205000000000002
            ]
          ]
        ]
      },
      "properties": {
        "id": "z-ukhrul-44",
        "name": "Ukhrul ridge cell +2,+2",
        "corridor_id": "ukhrul",
        "state": "Manipur",
        "district": "Ukhrul",
        "lon": 94.5,
        "lat": 25.24,
        "slope_class": 4,
        "elevation_m": 1841,
        "soil_moisture": 0.505,
        "dist_drainage_km": 2.89,
        "lithology_proxy": 0.686,
        "prior_landslide_density": 0.256,
        "ndvi_proxy": 0.539,
        "inhabited": false,
        "highway": false
      }
    },
    {
      "type": "Feature",
      "geometry": {
        "type": "Polygon",
        "coordinates": [
          [
            [
              91.11500000000001,
              23.674999999999997
            ],
            [
              91.185,
              23.674999999999997
            ],
            [
              91.185,
              23.744999999999997
            ],
            [
              91.11500000000001,
              23.744999999999997
            ],
            [
              91.11500000000001,
              23.674999999999997
            ]
          ]
        ]
      },
      "properties": {
        "id": "z-agartala-00",
        "name": "Tripura hills cell -2,-2",
        "corridor_id": "agartala",
        "state": "Tripura",
        "district": "West Tripura",
        "lon": 91.15,
        "lat": 23.71,
        "slope_class": 2,
        "elevation_m": 20,
        "soil_moisture": 0.517,
        "dist_drainage_km": 3.19,
        "lithology_proxy": 0.312,
        "prior_landslide_density": 0.0,
        "ndvi_proxy": 0.611,
        "inhabited": false,
        "highway": false
      }
    },
    {
      "type": "Feature",
      "geometry": {
        "type": "Polygon",
        "coordinates": [
          [
            [
              91.11500000000001,
              23.735
            ],
            [
              91.185,
              23.735
            ],
            [
              91.185,
              23.805
            ],
            [
              91.11500000000001,
              23.805
            ],
            [
              91.11500000000001,
              23.735
            ]
          ]
        ]
      },
      "properties": {
        "id": "z-agartala-01",
        "name": "Tripura hills cell -2,-1",
        "corridor_id": "agartala",
        "state": "Tripura",
        "district": "West Tripura",
        "lon": 91.15,
        "lat": 23.77,
        "slope_class": 3,
        "elevation_m": 20,
        "soil_moisture": 0.543,
        "dist_drainage_km": 2.46,
        "lithology_proxy": 0.337,
        "prior_landslide_density": 0.0,
        "ndvi_proxy": 0.464,
        "inhabited": true,
        "highway": false
      }
    },
    {
      "type": "Feature",
      "geometry": {
        "type": "Polygon",
        "coordinates": [
          [
            [
              91.11500000000001,
              23.794999999999998
            ],
            [
              91.185,
              23.794999999999998
            ],
            [
              91.185,
              23.865
            ],
            [
              91.11500000000001,
              23.865
            ],
            [
              91.11500000000001,
              23.794999999999998
            ]
          ]
        ]
      },
      "properties": {
        "id": "z-agartala-02",
        "name": "Tripura hills cell -2,+0",
        "corridor_id": "agartala",
        "state": "Tripura",
        "district": "West Tripura",
        "lon": 91.15,
        "lat": 23.83,
        "slope_class": 1,
        "elevation_m": 101,
        "soil_moisture": 0.408,
        "dist_drainage_km": 1.91,
        "lithology_proxy": 0.326,
        "prior_landslide_density": 0.0,
        "ndvi_proxy": 0.645,
        "inhabited": true,
        "highway": false
      }
    },
    {
      "type": "Feature",
      "geometry": {
        "type": "Polygon",
        "coordinates": [
          [
            [
              91.11500000000001,
              23.854999999999997
            ],
            [
              91.185,
              23.854999999999997
            ],
            [
              91.185,
              23.924999999999997
            ],
            [
              91.11500000000001,
              23.924999999999997
            ],
            [
              91.11500000000001,
              23.854999999999997
            ]
          ]
        ]
      },
      "properties": {
        "id": "z-agartala-03",
        "name": "Tripura hills cell -2,+1",
        "corridor_id": "agartala",
        "state": "Tripura",
        "district": "West Tripura",
        "lon": 91.15,
        "lat": 23.89,
        "slope_class": 1,
        "elevation_m": 181,
        "soil_moisture": 0.373,
        "dist_drainage_km": 2.57,
        "lithology_proxy": 0.448,
        "prior_landslide_density": 0.0,
        "ndvi_proxy": 0.724,
        "inhabited": true,
        "highway": false
      }
    },
    {
      "type": "Feature",
      "geometry": {
        "type": "Polygon",
        "coordinates": [
          [
            [
              91.11500000000001,
              23.915
            ],
            [
              91.185,
              23.915
            ],
            [
              91.185,
              23.985
            ],
            [
              91.11500000000001,
              23.985
            ],
            [
              91.11500000000001,
              23.915
            ]
          ]
        ]
      },
      "properties": {
        "id": "z-agartala-04",
        "name": "Tripura hills cell -2,+2",
        "corridor_id": "agartala",
        "state": "Tripura",
        "district": "West Tripura",
        "lon": 91.15,
        "lat": 23.95,
        "slope_class": 1,
        "elevation_m": 252,
        "soil_moisture": 0.384,
        "dist_drainage_km": 2.96,
        "lithology_proxy": 0.467,
        "prior_landslide_density": 0.0,
        "ndvi_proxy": 0.735,
        "inhabited": false,
        "highway": false
      }
    },
    {
      "type": "Feature",
      "geometry": {
        "type": "Polygon",
        "coordinates": [
          [
            [
              91.18500000000002,
              23.674999999999997
            ],
            [
              91.25500000000001,
              23.674999999999997
            ],
            [
              91.25500000000001,
              23.744999999999997
            ],
            [
              91.18500000000002,
              23.744999999999997
            ],
            [
              91.18500000000002,
              23.674999999999997
            ]
          ]
        ]
      },
      "properties": {
        "id": "z-agartala-10",
        "name": "Tripura hills cell -1,-2",
        "corridor_id": "agartala",
        "state": "Tripura",
        "district": "West Tripura",
        "lon": 91.22,
        "lat": 23.71,
        "slope_class": 2,
        "elevation_m": 20,
        "soil_moisture": 0.415,
        "dist_drainage_km": 2.01,
        "lithology_proxy": 0.401,
        "prior_landslide_density": 0.0,
        "ndvi_proxy": 0.721,
        "inhabited": true,
        "highway": false
      }
    },
    {
      "type": "Feature",
      "geometry": {
        "type": "Polygon",
        "coordinates": [
          [
            [
              91.18500000000002,
              23.735
            ],
            [
              91.25500000000001,
              23.735
            ],
            [
              91.25500000000001,
              23.805
            ],
            [
              91.18500000000002,
              23.805
            ],
            [
              91.18500000000002,
              23.735
            ]
          ]
        ]
      },
      "properties": {
        "id": "z-agartala-11",
        "name": "Tripura hills cell -1,-1",
        "corridor_id": "agartala",
        "state": "Tripura",
        "district": "West Tripura",
        "lon": 91.22,
        "lat": 23.77,
        "slope_class": 2,
        "elevation_m": 20,
        "soil_moisture": 0.466,
        "dist_drainage_km": 1.58,
        "lithology_proxy": 0.385,
        "prior_landslide_density": 0.0,
        "ndvi_proxy": 0.706,
        "inhabited": true,
        "highway": true
      }
    },
    {
      "type": "Feature",
      "geometry": {
        "type": "Polygon",
        "coordinates": [
          [
            [
              91.18500000000002,
              23.794999999999998
            ],
            [
              91.25500000000001,
              23.794999999999998
            ],
            [
              91.25500000000001,
              23.865
            ],
            [
              91.18500000000002,
              23.865
            ],
            [
              91.18500000000002,
              23.794999999999998
            ]
          ]
        ]
      },
      "properties": {
        "id": "z-agartala-12",
        "name": "Tripura hills cell -1,+0",
        "corridor_id": "agartala",
        "state": "Tripura",
        "district": "West Tripura",
        "lon": 91.22,
        "lat": 23.83,
        "slope_class": 2,
        "elevation_m": 93,
        "soil_moisture": 0.411,
        "dist_drainage_km": 1.0,
        "lithology_proxy": 0.442,
        "prior_landslide_density": 0.0,
        "ndvi_proxy": 0.482,
        "inhabited": true,
        "highway": true
      }
    },
    {
      "type": "Feature",
      "geometry": {
        "type": "Polygon",
        "coordinates": [
          [
            [
              91.18500000000002,
              23.854999999999997
            ],
            [
              91.25500000000001,
              23.854999999999997
            ],
            [
              91.25500000000001,
              23.924999999999997
            ],
            [
              91.18500000000002,
              23.924999999999997
            ],
            [
              91.18500000000002,
              23.854999999999997
            ]
          ]
        ]
      },
      "properties": {
        "id": "z-agartala-13",
        "name": "Tripura hills cell -1,+1",
        "corridor_id": "agartala",
        "state": "Tripura",
        "district": "West Tripura",
        "lon": 91.22,
        "lat": 23.89,
        "slope_class": 3,
        "elevation_m": 147,
        "soil_moisture": 0.458,
        "dist_drainage_km": 1.5,
        "lithology_proxy": 0.427,
        "prior_landslide_density": 0.0,
        "ndvi_proxy": 0.666,
        "inhabited": true,
        "highway": true
      }
    },
    {
      "type": "Feature",
      "geometry": {
        "type": "Polygon",
        "coordinates": [
          [
            [
              91.18500000000002,
              23.915
            ],
            [
              91.25500000000001,
              23.915
            ],
            [
              91.25500000000001,
              23.985
            ],
            [
              91.18500000000002,
              23.985
            ],
            [
              91.18500000000002,
              23.915
            ]
          ]
        ]
      },
      "properties": {
        "id": "z-agartala-14",
        "name": "Tripura hills cell -1,+2",
        "corridor_id": "agartala",
        "state": "Tripura",
        "district": "West Tripura",
        "lon": 91.22,
        "lat": 23.95,
        "slope_class": 2,
        "elevation_m": 167,
        "soil_moisture": 0.466,
        "dist_drainage_km": 2.24,
        "lithology_proxy": 0.361,
        "prior_landslide_density": 0.0,
        "ndvi_proxy": 0.521,
        "inhabited": true,
        "highway": false
      }
    },
    {
      "type": "Feature",
      "geometry": {
        "type": "Polygon",
        "coordinates": [
          [
            [
              91.25500000000001,
              23.674999999999997
            ],
            [
              91.325,
              23.674999999999997
            ],
            [
              91.325,
              23.744999999999997
            ],
            [
              91.25500000000001,
              23.744999999999997
            ],
            [
              91.25500000000001,
              23.674999999999997
            ]
          ]
        ]
      },
      "properties": {
        "id": "z-agartala-20",
        "name": "Tripura hills cell +0,-2",
        "corridor_id": "agartala",
        "state": "Tripura",
        "district": "West Tripura",
        "lon": 91.29,
        "lat": 23.71,
        "slope_class": 2,
        "elevation_m": 20,
        "soil_moisture": 0.384,
        "dist_drainage_km": 1.36,
        "lithology_proxy": 0.476,
        "prior_landslide_density": 0.0,
        "ndvi_proxy": 0.541,
        "inhabited": true,
        "highway": false
      }
    },
    {
      "type": "Feature",
      "geometry": {
        "type": "Polygon",
        "coordinates": [
          [
            [
              91.25500000000001,
              23.735
            ],
            [
              91.325,
              23.735
            ],
            [
              91.325,
              23.805
            ],
            [
              91.25500000000001,
              23.805
            ],
            [
              91.25500000000001,
              23.735
            ]
          ]
        ]
      },
      "properties": {
        "id": "z-agartala-21",
        "name": "Tripura hills cell +0,-1",
        "corridor_id": "agartala",
        "state": "Tripura",
        "district": "West Tripura",
        "lon": 91.29,
        "lat": 23.77,
        "slope_class": 2,
        "elevation_m": 20,
        "soil_moisture": 0.405,
        "dist_drainage_km": 0.7,
        "lithology_proxy": 0.431,
        "prior_landslide_density": 0.0,
        "ndvi_proxy": 0.732,
        "inhabited": true,
        "highway": true
      }
    },
    {
      "type": "Feature",
      "geometry": {
        "type": "Polygon",
        "coordinates": [
          [
            [
              91.25500000000001,
              23.794999999999998
            ],
            [
              91.325,
              23.794999999999998
            ],
            [
              91.325,
              23.865
            ],
            [
              91.25500000000001,
              23.865
            ],
            [
              91.25500000000001,
              23.794999999999998
            ]
          ]
        ]
      },
      "properties": {
        "id": "z-agartala-22",
        "name": "Tripura hills cell +0,+0",
        "corridor_id": "agartala",
        "state": "Tripura",
        "district": "West Tripura",
        "lon": 91.29,
        "lat": 23.83,
        "slope_class": 2,
        "elevation_m": 59,
        "soil_moisture": 0.372,
        "dist_drainage_km": 0.29,
        "lithology_proxy": 0.411,
        "prior_landslide_density": 0.0,
        "ndvi_proxy": 0.627,
        "inhabited": true,
        "highway": true
      }
    },
    {
      "type": "Feature",
      "geometry": {
        "type": "Polygon",
        "coordinates": [
          [
            [
              91.25500000000001,
              23.854999999999997
            ],
            [
              91.325,
              23.854999999999997
            ],
            [
              91.325,
              23.924999999999997
            ],
            [
              91.25500000000001,
              23.924999999999997
            ],
            [
              91.25500000000001,
              23.854999999999997
            ]
          ]
        ]
      },
      "properties": {
        "id": "z-agartala-23",
        "name": "Tripura hills cell +0,+1",
        "corridor_id": "agartala",
        "state": "Tripura",
        "district": "West Tripura",
        "lon": 91.29,
        "lat": 23.89,
        "slope_class": 1,
        "elevation_m": 150,
        "soil_moisture": 0.356,
        "dist_drainage_km": 0.65,
        "lithology_proxy": 0.361,
        "prior_landslide_density": 0.0,
        "ndvi_proxy": 0.551,
        "inhabited": true,
        "highway": true
      }
    },
    {
      "type": "Feature",
      "geometry": {
        "type": "Polygon",
        "coordinates": [
          [
            [
              91.25500000000001,
              23.915
            ],
            [
              91.325,
              23.915
            ],
            [
              91.325,
              23.985
            ],
            [
              91.25500000000001,
              23.985
            ],
            [
              91.25500000000001,
              23.915
            ]
          ]
        ]
      },
      "properties": {
        "id": "z-agartala-24",
        "name": "Tripura hills cell +0,+2",
        "corridor_id": "agartala",
        "state": "Tripura",
        "district": "West Tripura",
        "lon": 91.29,
        "lat": 23.95,
        "slope_class": 2,
        "elevation_m": 233,
        "soil_moisture": 0.507,
        "dist_drainage_km": 1.25,
        "lithology_proxy": 0.339,
        "prior_landslide_density": 0.0,
        "ndvi_proxy": 0.596,
        "inhabited": true,
        "highway": false
      }
    },
    {
      "type": "Feature",
      "geometry": {
        "type": "Polygon",
        "coordinates": [
          [
            [
              91.325,
              23.674999999999997
            ],
            [
              91.395,
              23.674999999999997
            ],
            [
              91.395,
              23.744999999999997
            ],
            [
              91.325,
              23.744999999999997
            ],
            [
              91.325,
              23.674999999999997
            ]
          ]
        ]
      },
      "properties": {
        "id": "z-agartala-30",
        "name": "Tripura hills cell +1,-2",
        "corridor_id": "agartala",
        "state": "Tripura",
        "district": "West Tripura",
        "lon": 91.36,
        "lat": 23.71,
        "slope_class": 2,
        "elevation_m": 20,
        "soil_moisture": 0.438,
        "dist_drainage_km": 2.19,
        "lithology_proxy": 0.478,
        "prior_landslide_density": 0.0,
        "ndvi_proxy": 0.499,
        "inhabited": true,
        "highway": false
      }
    },
    {
      "type": "Feature",
      "geometry": {
        "type": "Polygon",
        "coordinates": [
          [
            [
              91.325,
              23.735
            ],
            [
              91.395,
              23.735
            ],
            [
              91.395,
              23.805
            ],
            [
              91.325,
              23.805
            ],
            [
              91.325,
              23.735
            ]
          ]
        ]
      },
      "properties": {
        "id": "z-agartala-31",
        "name": "Tripura hills cell +1,-1",
        "corridor_id": "agartala",
        "state": "Tripura",
        "district": "West Tripura",
        "lon": 91.36,
        "lat": 23.77,
        "slope_class": 3,
        "elevation_m": 20,
        "soil_moisture": 0.53,
        "dist_drainage_km": 1.62,
        "lithology_proxy": 0.324,
        "prior_landslide_density": 0.0,
        "ndvi_proxy": 0.449,
        "inhabited": true,
        "highway": true
      }
    },
    {
      "type": "Feature",
      "geometry": {
        "type": "Polygon",
        "coordinates": [
          [
            [
              91.325,
              23.794999999999998
            ],
            [
              91.395,
              23.794999999999998
            ],
            [
              91.395,
              23.865
            ],
            [
              91.325,
              23.865
            ],
            [
              91.325,
              23.794999999999998
            ]
          ]
        ]
      },
      "properties": {
        "id": "z-agartala-32",
        "name": "Tripura hills cell +1,+0",
        "corridor_id": "agartala",
        "state": "Tripura",
        "district": "West Tripura",
        "lon": 91.36,
        "lat": 23.83,
        "slope_class": 1,
        "elevation_m": 52,
        "soil_moisture": 0.416,
        "dist_drainage_km": 0.98,
        "lithology_proxy": 0.296,
        "prior_landslide_density": 0.0,
        "ndvi_proxy": 0.576,
        "inhabited": true,
        "highway": true
      }
    },
    {
      "type": "Feature",
      "geometry": {
        "type": "Polygon",
        "coordinates": [
          [
            [
              91.325,
              23.854999999999997
            ],
            [
              91.395,
              23.854999999999997
            ],
            [
              91.395,
              23.924999999999997
            ],
            [
              91.325,
              23.924999999999997
            ],
            [
              91.325,
              23.854999999999997
            ]
          ]
        ]
      },
      "properties": {
        "id": "z-agartala-33",
        "name": "Tripura hills cell +1,+1",
        "corridor_id": "agartala",
        "state": "Tripura",
        "district": "West Tripura",
        "lon": 91.36,
        "lat": 23.89,
        "slope_class": 1,
        "elevation_m": 171,
        "soil_moisture": 0.386,
        "dist_drainage_km": 1.62,
        "lithology_proxy": 0.395,
        "prior_landslide_density": 0.0,
        "ndvi_proxy": 0.41,
        "inhabited": true,
        "highway": true
      }
    },
    {
      "type": "Feature",
      "geometry": {
        "type": "Polygon",
        "coordinates": [
          [
            [
              91.325,
              23.915
            ],
            [
              91.395,
              23.915
            ],
            [
              91.395,
              23.985
            ],
            [
              91.325,
              23.985
            ],
            [
              91.325,
              23.915
            ]
          ]
        ]
      },
      "properties": {
        "id": "z-agartala-34",
        "name": "Tripura hills cell +1,+2",
        "corridor_id": "agartala",
        "state": "Tripura",
        "district": "West Tripura",
        "lon": 91.36,
        "lat": 23.95,
        "slope_class": 2,
        "elevation_m": 254,
        "soil_moisture": 0.387,
        "dist_drainage_km": 2.21,
        "lithology_proxy": 0.321,
        "prior_landslide_density": 0.0,
        "ndvi_proxy": 0.583,
        "inhabited": true,
        "highway": false
      }
    },
    {
      "type": "Feature",
      "geometry": {
        "type": "Polygon",
        "coordinates": [
          [
            [
              91.39500000000001,
              23.674999999999997
            ],
            [
              91.465,
              23.674999999999997
            ],
            [
              91.465,
              23.744999999999997
            ],
            [
              91.39500000000001,
              23.744999999999997
            ],
            [
              91.39500000000001,
              23.674999999999997
            ]
          ]
        ]
      },
      "properties": {
        "id": "z-agartala-40",
        "name": "Tripura hills cell +2,-2",
        "corridor_id": "agartala",
        "state": "Tripura",
        "district": "West Tripura",
        "lon": 91.43,
        "lat": 23.71,
        "slope_class": 1,
        "elevation_m": 20,
        "soil_moisture": 0.431,
        "dist_drainage_km": 3.0,
        "lithology_proxy": 0.371,
        "prior_landslide_density": 0.0,
        "ndvi_proxy": 0.555,
        "inhabited": false,
        "highway": false
      }
    },
    {
      "type": "Feature",
      "geometry": {
        "type": "Polygon",
        "coordinates": [
          [
            [
              91.39500000000001,
              23.735
            ],
            [
              91.465,
              23.735
            ],
            [
              91.465,
              23.805
            ],
            [
              91.39500000000001,
              23.805
            ],
            [
              91.39500000000001,
              23.735
            ]
          ]
        ]
      },
      "properties": {
        "id": "z-agartala-41",
        "name": "Tripura hills cell +2,-1",
        "corridor_id": "agartala",
        "state": "Tripura",
        "district": "West Tripura",
        "lon": 91.43,
        "lat": 23.77,
        "slope_class": 3,
        "elevation_m": 20,
        "soil_moisture": 0.499,
        "dist_drainage_km": 2.22,
        "lithology_proxy": 0.441,
        "prior_landslide_density": 0.0,
        "ndvi_proxy": 0.639,
        "inhabited": true,
        "highway": false
      }
    },
    {
      "type": "Feature",
      "geometry": {
        "type": "Polygon",
        "coordinates": [
          [
            [
              91.39500000000001,
              23.794999999999998
            ],
            [
              91.465,
              23.794999999999998
            ],
            [
              91.465,
              23.865
            ],
            [
              91.39500000000001,
              23.865
            ],
            [
              91.39500000000001,
              23.794999999999998
            ]
          ]
        ]
      },
      "properties": {
        "id": "z-agartala-42",
        "name": "Tripura hills cell +2,+0",
        "corridor_id": "agartala",
        "state": "Tripura",
        "district": "West Tripura",
        "lon": 91.43,
        "lat": 23.83,
        "slope_class": 3,
        "elevation_m": 20,
        "soil_moisture": 0.542,
        "dist_drainage_km": 1.93,
        "lithology_proxy": 0.396,
        "prior_landslide_density": 0.0,
        "ndvi_proxy": 0.368,
        "inhabited": true,
        "highway": false
      }
    },
    {
      "type": "Feature",
      "geometry": {
        "type": "Polygon",
        "coordinates": [
          [
            [
              91.39500000000001,
              23.854999999999997
            ],
            [
              91.465,
              23.854999999999997
            ],
            [
              91.465,
              23.924999999999997
            ],
            [
              91.39500000000001,
              23.924999999999997
            ],
            [
              91.39500000000001,
              23.854999999999997
            ]
          ]
        ]
      },
      "properties": {
        "id": "z-agartala-43",
        "name": "Tripura hills cell +2,+1",
        "corridor_id": "agartala",
        "state": "Tripura",
        "district": "West Tripura",
        "lon": 91.43,
        "lat": 23.89,
        "slope_class": 2,
        "elevation_m": 154,
        "soil_moisture": 0.519,
        "dist_drainage_km": 2.23,
        "lithology_proxy": 0.467,
        "prior_landslide_density": 0.0,
        "ndvi_proxy": 0.378,
        "inhabited": true,
        "highway": false
      }
    },
    {
      "type": "Feature",
      "geometry": {
        "type": "Polygon",
        "coordinates": [
          [
            [
              91.39500000000001,
              23.915
            ],
            [
              91.465,
              23.915
            ],
            [
              91.465,
              23.985
            ],
            [
              91.39500000000001,
              23.985
            ],
            [
              91.39500000000001,
              23.915
            ]
          ]
        ]
      },
      "properties": {
        "id": "z-agartala-44",
        "name": "Tripura hills cell +2,+2",
        "corridor_id": "agartala",
        "state": "Tripura",
        "district": "West Tripura",
        "lon": 91.43,
        "lat": 23.95,
        "slope_class": 3,
        "elevation_m": 149,
        "soil_moisture": 0.457,
        "dist_drainage_km": 2.91,
        "lithology_proxy": 0.307,
        "prior_landslide_density": 0.0,
        "ndvi_proxy": 0.607,
        "inhabited": false,
        "highway": false
      }
    },
    {
      "type": "Feature",
      "geometry": {
        "type": "Polygon",
        "coordinates": [
          [
            [
              91.765,
              23.685
            ],
            [
              91.835,
              23.685
            ],
            [
              91.835,
              23.755
            ],
            [
              91.765,
              23.755
            ],
            [
              91.765,
              23.685
            ]
          ]
        ]
      },
      "properties": {
        "id": "z-dhalai-00",
        "name": "Dhalai uplands cell -2,-2",
        "corridor_id": "dhalai",
        "state": "Tripura",
        "district": "Dhalai",
        "lon": 91.8,
        "lat": 23.72,
        "slope_class": 4,
        "elevation_m": 47,
        "soil_moisture": 0.547,
        "dist_drainage_km": 3.2,
        "lithology_proxy": 0.594,
        "prior_landslide_density": 0.0,
        "ndvi_proxy": 0.713,
        "inhabited": false,
        "highway": false
      }
    },
    {
      "type": "Feature",
      "geometry": {
        "type": "Polygon",
        "coordinates": [
          [
            [
              91.765,
              23.745
            ],
            [
              91.835,
              23.745
            ],
            [
              91.835,
              23.815
            ],
            [
              91.765,
              23.815
            ],
            [
              91.765,
              23.745
            ]
          ]
        ]
      },
      "properties": {
        "id": "z-dhalai-01",
        "name": "Dhalai uplands cell -2,-1",
        "corridor_id": "dhalai",
        "state": "Tripura",
        "district": "Dhalai",
        "lon": 91.8,
        "lat": 23.78,
        "slope_class": 4,
        "elevation_m": 90,
        "soil_moisture": 0.589,
        "dist_drainage_km": 2.47,
        "lithology_proxy": 0.528,
        "prior_landslide_density": 0.0,
        "ndvi_proxy": 0.611,
        "inhabited": false,
        "highway": false
      }
    },
    {
      "type": "Feature",
      "geometry": {
        "type": "Polygon",
        "coordinates": [
          [
            [
              91.765,
              23.805
            ],
            [
              91.835,
              23.805
            ],
            [
              91.835,
              23.875
            ],
            [
              91.765,
              23.875
            ],
            [
              91.765,
              23.805
            ]
          ]
        ]
      },
      "properties": {
        "id": "z-dhalai-02",
        "name": "Dhalai uplands cell -2,+0",
        "corridor_id": "dhalai",
        "state": "Tripura",
        "district": "Dhalai",
        "lon": 91.8,
        "lat": 23.84,
        "slope_class": 3,
        "elevation_m": 175,
        "soil_moisture": 0.511,
        "dist_drainage_km": 1.67,
        "lithology_proxy": 0.526,
        "prior_landslide_density": 0.0,
        "ndvi_proxy": 0.641,
        "inhabited": false,
        "highway": false
      }
    },
    {
      "type": "Feature",
      "geometry": {
        "type": "Polygon",
        "coordinates": [
          [
            [
              91.765,
              23.865
            ],
            [
              91.835,
              23.865
            ],
            [
              91.835,
              23.935
            ],
            [
              91.765,
              23.935
            ],
            [
              91.765,
              23.865
            ]
          ]
        ]
      },
      "properties": {
        "id": "z-dhalai-03",
        "name": "Dhalai uplands cell -2,+1",
        "corridor_id": "dhalai",
        "state": "Tripura",
        "district": "Dhalai",
        "lon": 91.8,
        "lat": 23.9,
        "slope_class": 3,
        "elevation_m": 346,
        "soil_moisture": 0.433,
        "dist_drainage_km": 2.2,
        "lithology_proxy": 0.48,
        "prior_landslide_density": 0.0,
        "ndvi_proxy": 0.619,
        "inhabited": false,
        "highway": false
      }
    },
    {
      "type": "Feature",
      "geometry": {
        "type": "Polygon",
        "coordinates": [
          [
            [
              91.765,
              23.925
            ],
            [
              91.835,
              23.925
            ],
            [
              91.835,
              23.995
            ],
            [
              91.765,
              23.995
            ],
            [
              91.765,
              23.925
            ]
          ]
        ]
      },
      "properties": {
        "id": "z-dhalai-04",
        "name": "Dhalai uplands cell -2,+2",
        "corridor_id": "dhalai",
        "state": "Tripura",
        "district": "Dhalai",
        "lon": 91.8,
        "lat": 23.96,
        "slope_class": 4,
        "elevation_m": 388,
        "soil_moisture": 0.524,
        "dist_drainage_km": 2.95,
        "lithology_proxy": 0.512,
        "prior_landslide_density": 0.0,
        "ndvi_proxy": 0.412,
        "inhabited": false,
        "highway": false
      }
    },
    {
      "type": "Feature",
      "geometry": {
        "type": "Polygon",
        "coordinates": [
          [
            [
              91.83500000000001,
              23.685
            ],
            [
              91.905,
              23.685
            ],
            [
              91.905,
              23.755
            ],
            [
              91.83500000000001,
              23.755
            ],
            [
              91.83500000000001,
              23.685
            ]
          ]
        ]
      },
      "properties": {
        "id": "z-dhalai-10",
        "name": "Dhalai uplands cell -1,-2",
        "corridor_id": "dhalai",
        "state": "Tripura",
        "district": "Dhalai",
        "lon": 91.87,
        "lat": 23.72,
        "slope_class": 3,
        "elevation_m": 119,
        "soil_moisture": 0.545,
        "dist_drainage_km": 2.35,
        "lithology_proxy": 0.426,
        "prior_landslide_density": 0.0,
        "ndvi_proxy": 0.614,
        "inhabited": false,
        "highway": false
      }
    },
    {
      "type": "Feature",
      "geometry": {
        "type": "Polygon",
        "coordinates": [
          [
            [
              91.83500000000001,
              23.745
            ],
            [
              91.905,
              23.745
            ],
            [
              91.905,
              23.815
            ],
            [
              91.83500000000001,
              23.815
            ],
            [
              91.83500000000001,
              23.745
            ]
          ]
        ]
      },
      "properties": {
        "id": "z-dhalai-11",
        "name": "Dhalai uplands cell -1,-1",
        "corridor_id": "dhalai",
        "state": "Tripura",
        "district": "Dhalai",
        "lon": 91.87,
        "lat": 23.78,
        "slope_class": 2,
        "elevation_m": 110,
        "soil_moisture": 0.385,
        "dist_drainage_km": 1.48,
        "lithology_proxy": 0.427,
        "prior_landslide_density": 0.0,
        "ndvi_proxy": 0.589,
        "inhabited": false,
        "highway": true
      }
    },
    {
      "type": "Feature",
      "geometry": {
        "type": "Polygon",
        "coordinates": [
          [
            [
              91.83500000000001,
              23.805
            ],
            [
              91.905,
              23.805
            ],
            [
              91.905,
              23.875
            ],
            [
              91.83500000000001,
              23.875
            ],
            [
              91.83500000000001,
              23.805
            ]
          ]
        ]
      },
      "properties": {
        "id": "z-dhalai-12",
        "name": "Dhalai uplands cell -1,+0",
        "corridor_id": "dhalai",
        "state": "Tripura",
        "district": "Dhalai",
        "lon": 91.87,
        "lat": 23.84,
        "slope_class": 2,
        "elevation_m": 191,
        "soil_moisture": 0.43,
        "dist_drainage_km": 1.1,
        "lithology_proxy": 0.467,
        "prior_landslide_density": 0.0,
        "ndvi_proxy": 0.437,
        "inhabited": false,
        "highway": true
      }
    },
    {
      "type": "Feature",
      "geometry": {
        "type": "Polygon",
        "coordinates": [
          [
            [
              91.83500000000001,
              23.865
            ],
            [
              91.905,
              23.865
            ],
            [
              91.905,
              23.935
            ],
            [
              91.83500000000001,
              23.935
            ],
            [
              91.83500000000001,
              23.865
            ]
          ]
        ]
      },
      "properties": {
        "id": "z-dhalai-13",
        "name": "Dhalai uplands cell -1,+1",
        "corridor_id": "dhalai",
        "state": "Tripura",
        "district": "Dhalai",
        "lon": 91.87,
        "lat": 23.9,
        "slope_class": 2,
        "elevation_m": 257,
        "soil_moisture": 0.413,
        "dist_drainage_km": 1.6,
        "lithology_proxy": 0.583,
        "prior_landslide_density": 0.0,
        "ndvi_proxy": 0.643,
        "inhabited": false,
        "highway": true
      }
    },
    {
      "type": "Feature",
      "geometry": {
        "type": "Polygon",
        "coordinates": [
          [
            [
              91.83500000000001,
              23.925
            ],
            [
              91.905,
              23.925
            ],
            [
              91.905,
              23.995
            ],
            [
              91.83500000000001,
              23.995
            ],
            [
              91.83500000000001,
              23.925
            ]
          ]
        ]
      },
      "properties": {
        "id": "z-dhalai-14",
        "name": "Dhalai uplands cell -1,+2",
        "corridor_id": "dhalai",
        "state": "Tripura",
        "district": "Dhalai",
        "lon": 91.87,
        "lat": 23.96,
        "slope_class": 3,
        "elevation_m": 393,
        "soil_moisture": 0.531,
        "dist_drainage_km": 2.24,
        "lithology_proxy": 0.484,
        "prior_landslide_density": 0.0,
        "ndvi_proxy": 0.471,
        "inhabited": false,
        "highway": false
      }
    },
    {
      "type": "Feature",
      "geometry": {
        "type": "Polygon",
        "coordinates": [
          [
            [
              91.905,
              23.685
            ],
            [
              91.975,
              23.685
            ],
            [
              91.975,
              23.755
            ],
            [
              91.905,
              23.755
            ],
            [
              91.905,
              23.685
            ]
          ]
        ]
      },
      "properties": {
        "id": "z-dhalai-20",
        "name": "Dhalai uplands cell +0,-2",
        "corridor_id": "dhalai",
        "state": "Tripura",
        "district": "Dhalai",
        "lon": 91.94,
        "lat": 23.72,
        "slope_class": 3,
        "elevation_m": 84,
        "soil_moisture": 0.492,
        "dist_drainage_km": 1.41,
        "lithology_proxy": 0.475,
        "prior_landslide_density": 0.0,
        "ndvi_proxy": 0.573,
        "inhabited": false,
        "highway": false
      }
    },
    {
      "type": "Feature",
      "geometry": {
        "type": "Polygon",
        "coordinates": [
          [
            [
              91.905,
              23.745
            ],
            [
              91.975,
              23.745
            ],
            [
              91.975,
              23.815
            ],
            [
              91.905,
              23.815
            ],
            [
              91.905,
              23.745
            ]
          ]
        ]
      },
      "properties": {
        "id": "z-dhalai-21",
        "name": "Dhalai uplands cell +0,-1",
        "corridor_id": "dhalai",
        "state": "Tripura",
        "district": "Dhalai",
        "lon": 91.94,
        "lat": 23.78,
        "slope_class": 3,
        "elevation_m": 160,
        "soil_moisture": 0.513,
        "dist_drainage_km": 0.87,
        "lithology_proxy": 0.429,
        "prior_landslide_density": 0.0,
        "ndvi_proxy": 0.488,
        "inhabited": false,
        "highway": true
      }
    },
    {
      "type": "Feature",
      "geometry": {
        "type": "Polygon",
        "coordinates": [
          [
            [
              91.905,
              23.805
            ],
            [
              91.975,
              23.805
            ],
            [
              91.975,
              23.875
            ],
            [
              91.905,
              23.875
            ],
            [
              91.905,
              23.805
            ]
          ]
        ]
      },
      "properties": {
        "id": "z-dhalai-22",
        "name": "Dhalai uplands cell +0,+0",
        "corridor_id": "dhalai",
        "state": "Tripura",
        "district": "Dhalai",
        "lon": 91.94,
        "lat": 23.84,
        "slope_class": 4,
        "elevation_m": 260,
        "soil_moisture": 0.594,
        "dist_drainage_km": 0.21,
        "lithology_proxy": 0.502,
        "prior_landslide_density": 0.0,
        "ndvi_proxy": 0.47,
        "inhabited": false,
        "highway": true
      }
    },
    {
      "type": "Feature",
      "geometry": {
        "type": "Polygon",
        "coordinates": [
          [
            [
              91.905,
              23.865
            ],
            [
              91.975,
              23.865
            ],
            [
              91.975,
              23.935
            ],
            [
              91.905,
              23.935
            ],
            [
              91.905,
              23.865
            ]
          ]
        ]
      },
      "properties": {
        "id": "z-dhalai-23",
        "name": "Dhalai uplands cell +0,+1",
        "corridor_id": "dhalai",
        "state": "Tripura",
        "district": "Dhalai",
        "lon": 91.94,
        "lat": 23.9,
        "slope_class": 3,
        "elevation_m": 336,
        "soil_moisture": 0.466,
        "dist_drainage_km": 0.82,
        "lithology_proxy": 0.465,
        "prior_landslide_density": 0.0,
        "ndvi_proxy": 0.693,
        "inhabited": false,
        "highway": true
      }
    },
    {
      "type": "Feature",
      "geometry": {
        "type": "Polygon",
        "coordinates": [
          [
            [
              91.905,
              23.925
            ],
            [
              91.975,
              23.925
            ],
            [
              91.975,
              23.995
            ],
            [
              91.905,
              23.995
            ],
            [
              91.905,
              23.925
            ]
          ]
        ]
      },
      "properties": {
        "id": "z-dhalai-24",
        "name": "Dhalai uplands cell +0,+2",
        "corridor_id": "dhalai",
        "state": "Tripura",
        "district": "Dhalai",
        "lon": 91.94,
        "lat": 23.96,
        "slope_class": 3,
        "elevation_m": 423,
        "soil_moisture": 0.439,
        "dist_drainage_km": 1.39,
        "lithology_proxy": 0.503,
        "prior_landslide_density": 0.0,
        "ndvi_proxy": 0.517,
        "inhabited": false,
        "highway": false
      }
    },
    {
      "type": "Feature",
      "geometry": {
        "type": "Polygon",
        "coordinates": [
          [
            [
              91.975,
              23.685
            ],
            [
              92.04499999999999,
              23.685
            ],
            [
              92.04499999999999,
              23.755
            ],
            [
              91.975,
              23.755
            ],
            [
              91.975,
              23.685
            ]
          ]
        ]
      },
      "properties": {
        "id": "z-dhalai-30",
        "name": "Dhalai uplands cell +1,-2",
        "corridor_id": "dhalai",
        "state": "Tripura",
        "district": "Dhalai",
        "lon": 92.01,
        "lat": 23.72,
        "slope_class": 3,
        "elevation_m": 49,
        "soil_moisture": 0.461,
        "dist_drainage_km": 2.1,
        "lithology_proxy": 0.549,
        "prior_landslide_density": 0.0,
        "ndvi_proxy": 0.719,
        "inhabited": false,
        "highway": false
      }
    },
    {
      "type": "Feature",
      "geometry": {
        "type": "Polygon",
        "coordinates": [
          [
            [
              91.975,
              23.745
            ],
            [
              92.04499999999999,
              23.745
            ],
            [
              92.04499999999999,
              23.815
            ],
            [
              91.975,
              23.815
            ],
            [
              91.975,
              23.745
            ]
          ]
        ]
      },
      "properties": {
        "id": "z-dhalai-31",
        "name": "Dhalai uplands cell +1,-1",
        "corridor_id": "dhalai",
        "state": "Tripura",
        "district": "Dhalai",
        "lon": 92.01,
        "lat": 23.78,
        "slope_class": 3,
        "elevation_m": 91,
        "soil_moisture": 0.554,
        "dist_drainage_km": 1.61,
        "lithology_proxy": 0.43,
        "prior_landslide_density": 0.0,
        "ndvi_proxy": 0.501,
        "inhabited": false,
        "highway": true
      }
    },
    {
      "type": "Feature",
      "geometry": {
        "type": "Polygon",
        "coordinates": [
          [
            [
              91.975,
              23.805
            ],
            [
              92.04499999999999,
              23.805
            ],
            [
              92.04499999999999,
              23.875
            ],
            [
              91.975,
              23.875
            ],
            [
              91.975,
              23.805
            ]
          ]
        ]
      },
      "properties": {
        "id": "z-dhalai-32",
        "name": "Dhalai uplands cell +1,+0",
        "corridor_id": "dhalai",
        "state": "Tripura",
        "district": "Dhalai",
        "lon": 92.01,
        "lat": 23.84,
        "slope_class": 2,
        "elevation_m": 271,
        "soil_moisture": 0.491,
        "dist_drainage_km": 0.83,
        "lithology_proxy": 0.538,
        "prior_landslide_density": 0.0,
        "ndvi_proxy": 0.619,
        "inhabited": false,
        "highway": true
      }
    },
    {
      "type": "Feature",
      "geometry": {
        "type": "Polygon",
        "coordinates": [
          [
            [
              91.975,
              23.865
            ],
            [
              92.04499999999999,
              23.865
            ],
            [
              92.04499999999999,
              23.935
            ],
            [
              91.975,
              23.935
            ],
            [
              91.975,
              23.865
            ]
          ]
        ]
      },
      "properties": {
        "id": "z-dhalai-33",
        "name": "Dhalai uplands cell +1,+1",
        "corridor_id": "dhalai",
        "state": "Tripura",
        "district": "Dhalai",
        "lon": 92.01,
        "lat": 23.9,
        "slope_class": 3,
        "elevation_m": 301,
        "soil_moisture": 0.566,
        "dist_drainage_km": 1.48,
        "lithology_proxy": 0.481,
        "prior_landslide_density": 0.0,
        "ndvi_proxy": 0.714,
        "inhabited": false,
        "highway": true
      }
    },
    {
      "type": "Feature",
      "geometry": {
        "type": "Polygon",
        "coordinates": [
          [
            [
              91.975,
              23.925
            ],
            [
              92.04499999999999,
              23.925
            ],
            [
              92.04499999999999,
              23.995
            ],
            [
              91.975,
              23.995
            ],
            [
              91.975,
              23.925
            ]
          ]
        ]
      },
      "properties": {
        "id": "z-dhalai-34",
        "name": "Dhalai uplands cell +1,+2",
        "corridor_id": "dhalai",
        "state": "Tripura",
        "district": "Dhalai",
        "lon": 92.01,
        "lat": 23.96,
        "slope_class": 3,
        "elevation_m": 439,
        "soil_moisture": 0.541,
        "dist_drainage_km": 2.08,
        "lithology_proxy": 0.569,
        "prior_landslide_density": 0.0,
        "ndvi_proxy": 0.652,
        "inhabited": false,
        "highway": false
      }
    },
    {
      "type": "Feature",
      "geometry": {
        "type": "Polygon",
        "coordinates": [
          [
            [
              92.045,
              23.685
            ],
            [
              92.115,
              23.685
            ],
            [
              92.115,
              23.755
            ],
            [
              92.045,
              23.755
            ],
            [
              92.045,
              23.685
            ]
          ]
        ]
      },
      "properties": {
        "id": "z-dhalai-40",
        "name": "Dhalai uplands cell +2,-2",
        "corridor_id": "dhalai",
        "state": "Tripura",
        "district": "Dhalai",
        "lon": 92.08,
        "lat": 23.72,
        "slope_class": 3,
        "elevation_m": 89,
        "soil_moisture": 0.461,
        "dist_drainage_km": 3.04,
        "lithology_proxy": 0.603,
        "prior_landslide_density": 0.0,
        "ndvi_proxy": 0.571,
        "inhabited": false,
        "highway": false
      }
    },
    {
      "type": "Feature",
      "geometry": {
        "type": "Polygon",
        "coordinates": [
          [
            [
              92.045,
              23.745
            ],
            [
              92.115,
              23.745
            ],
            [
              92.115,
              23.815
            ],
            [
              92.045,
              23.815
            ],
            [
              92.045,
              23.745
            ]
          ]
        ]
      },
      "properties": {
        "id": "z-dhalai-41",
        "name": "Dhalai uplands cell +2,-1",
        "corridor_id": "dhalai",
        "state": "Tripura",
        "district": "Dhalai",
        "lon": 92.08,
        "lat": 23.78,
        "slope_class": 3,
        "elevation_m": 128,
        "soil_moisture": 0.527,
        "dist_drainage_km": 2.39,
        "lithology_proxy": 0.482,
        "prior_landslide_density": 0.0,
        "ndvi_proxy": 0.494,
        "inhabited": false,
        "highway": false
      }
    },
    {
      "type": "Feature",
      "geometry": {
        "type": "Polygon",
        "coordinates": [
          [
            [
              92.045,
              23.805
            ],
            [
              92.115,
              23.805
            ],
            [
              92.115,
              23.875
            ],
            [
              92.045,
              23.875
            ],
            [
              92.045,
              23.805
            ]
          ]
        ]
      },
      "properties": {
        "id": "z-dhalai-42",
        "name": "Dhalai uplands cell +2,+0",
        "corridor_id": "dhalai",
        "state": "Tripura",
        "district": "Dhalai",
        "lon": 92.08,
        "lat": 23.84,
        "slope_class": 4,
        "elevation_m": 219,
        "soil_moisture": 0.637,
        "dist_drainage_km": 1.64,
        "lithology_proxy": 0.514,
        "prior_landslide_density": 0.0,
        "ndvi_proxy": 0.686,
        "inhabited": false,
        "highway": false
      }
    },
    {
      "type": "Feature",
      "geometry": {
        "type": "Polygon",
        "coordinates": [
          [
            [
              92.045,
              23.865
            ],
            [
              92.115,
              23.865
            ],
            [
              92.115,
              23.935
            ],
            [
              92.045,
              23.935
            ],
            [
              92.045,
              23.865
            ]
          ]
        ]
      },
      "properties": {
        "id": "z-dhalai-43",
        "name": "Dhalai uplands cell +2,+1",
        "corridor_id": "dhalai",
        "state": "Tripura",
        "district": "Dhalai",
        "lon": 92.08,
        "lat": 23.9,
        "slope_class": 3,
        "elevation_m": 287,
        "soil_moisture": 0.437,
        "dist_drainage_km": 2.33,
        "lithology_proxy": 0.593,
        "prior_landslide_density": 0.0,
        "ndvi_proxy": 0.647,
        "inhabited": false,
        "highway": false
      }
    },
    {
      "type": "Feature",
      "geometry": {
        "type": "Polygon",
        "coordinates": [
          [
            [
              92.045,
              23.925
            ],
            [
              92.115,
              23.925
            ],
            [
              92.115,
              23.995
            ],
            [
              92.045,
              23.995
            ],
            [
              92.045,
              23.925
            ]
          ]
        ]
      },
      "properties": {
        "id": "z-dhalai-44",
        "name": "Dhalai uplands cell +2,+2",
        "corridor_id": "dhalai",
        "state": "Tripura",
        "district": "Dhalai",
        "lon": 92.08,
        "lat": 23.96,
        "slope_class": 2,
        "elevation_m": 353,
        "soil_moisture": 0.458,
        "dist_drainage_km": 3.02,
        "lithology_proxy": 0.564,
        "prior_landslide_density": 0.0,
        "ndvi_proxy": 0.468,
        "inhabited": false,
        "highway": false
      }
    },
    {
      "type": "Feature",
      "geometry": {
        "type": "Polygon",
        "coordinates": [
          [
            [
              92.555,
              22.724999999999998
            ],
            [
              92.625,
              22.724999999999998
            ],
            [
              92.625,
              22.794999999999998
            ],
            [
              92.555,
              22.794999999999998
            ],
            [
              92.555,
              22.724999999999998
            ]
          ]
        ]
      },
      "properties": {
        "id": "z-lunglei-00",
        "name": "Lunglei hills cell -2,-2",
        "corridor_id": "lunglei",
        "state": "Mizoram",
        "district": "Lunglei",
        "lon": 92.59,
        "lat": 22.76,
        "slope_class": 4,
        "elevation_m": 542,
        "soil_moisture": 0.575,
        "dist_drainage_km": 2.89,
        "lithology_proxy": 0.619,
        "prior_landslide_density": 0.206,
        "ndvi_proxy": 0.57,
        "inhabited": false,
        "highway": false
      }
    },
    {
      "type": "Feature",
      "geometry": {
        "type": "Polygon",
        "coordinates": [
          [
            [
              92.555,
              22.785
            ],
            [
              92.625,
              22.785
            ],
            [
              92.625,
              22.855
            ],
            [
              92.555,
              22.855
            ],
            [
              92.555,
              22.785
            ]
          ]
        ]
      },
      "properties": {
        "id": "z-lunglei-01",
        "name": "Lunglei hills cell -2,-1",
        "corridor_id": "lunglei",
        "state": "Mizoram",
        "district": "Lunglei",
        "lon": 92.59,
        "lat": 22.82,
        "slope_class": 4,
        "elevation_m": 612,
        "soil_moisture": 0.563,
        "dist_drainage_km": 2.51,
        "lithology_proxy": 0.715,
        "prior_landslide_density": 0.338,
        "ndvi_proxy": 0.646,
        "inhabited": true,
        "highway": false
      }
    },
    {
      "type": "Feature",
      "geometry": {
        "type": "Polygon",
        "coordinates": [
          [
            [
              92.555,
              22.845
            ],
            [
              92.625,
              22.845
            ],
            [
              92.625,
              22.915
            ],
            [
              92.555,
              22.915
            ],
            [
              92.555,
              22.845
            ]
          ]
        ]
      },
      "properties": {
        "id": "z-lunglei-02",
        "name": "Lunglei hills cell -2,+0",
        "corridor_id": "lunglei",
        "state": "Mizoram",
        "district": "Lunglei",
        "lon": 92.59,
        "lat": 22.88,
        "slope_class": 5,
        "elevation_m": 681,
        "soil_moisture": 0.603,
        "dist_drainage_km": 1.89,
        "lithology_proxy": 0.598,
        "prior_landslide_density": 0.399,
        "ndvi_proxy": 0.569,
        "inhabited": true,
        "highway": false
      }
    },
    {
      "type": "Feature",
      "geometry": {
        "type": "Polygon",
        "coordinates": [
          [
            [
              92.555,
              22.904999999999998
            ],
            [
              92.625,
              22.904999999999998
            ],
            [
              92.625,
              22.974999999999998
            ],
            [
              92.555,
              22.974999999999998
            ],
            [
              92.555,
              22.904999999999998
            ]
          ]
        ]
      },
      "properties": {
        "id": "z-lunglei-03",
        "name": "Lunglei hills cell -2,+1",
        "corridor_id": "lunglei",
        "state": "Mizoram",
        "district": "Lunglei",
        "lon": 92.59,
        "lat": 22.94,
        "slope_class": 4,
        "elevation_m": 857,
        "soil_moisture": 0.639,
        "dist_drainage_km": 2.56,
        "lithology_proxy": 0.761,
        "prior_landslide_density": 0.368,
        "ndvi_proxy": 0.56,
        "inhabited": true,
        "highway": false
      }
    },
    {
      "type": "Feature",
      "geometry": {
        "type": "Polygon",
        "coordinates": [
          [
            [
              92.555,
              22.965
            ],
            [
              92.625,
              22.965
            ],
            [
              92.625,
              23.035
            ],
            [
              92.555,
              23.035
            ],
            [
              92.555,
              22.965
            ]
          ]
        ]
      },
      "properties": {
        "id": "z-lunglei-04",
        "name": "Lunglei hills cell -2,+2",
        "corridor_id": "lunglei",
        "state": "Mizoram",
        "district": "Lunglei",
        "lon": 92.59,
        "lat": 23.0,
        "slope_class": 3,
        "elevation_m": 940,
        "soil_moisture": 0.437,
        "dist_drainage_km": 3.13,
        "lithology_proxy": 0.571,
        "prior_landslide_density": 0.256,
        "ndvi_proxy": 0.405,
        "inhabited": false,
        "highway": false
      }
    },
    {
      "type": "Feature",
      "geometry": {
        "type": "Polygon",
        "coordinates": [
          [
            [
              92.62500000000001,
              22.724999999999998
            ],
            [
              92.69500000000001,
              22.724999999999998
            ],
            [
              92.69500000000001,
              22.794999999999998
            ],
            [
              92.62500000000001,
              22.794999999999998
            ],
            [
              92.62500000000001,
              22.724999999999998
            ]
          ]
        ]
      },
      "properties": {
        "id": "z-lunglei-10",
        "name": "Lunglei hills cell -1,-2",
        "corridor_id": "lunglei",
        "state": "Mizoram",
        "district": "Lunglei",
        "lon": 92.66,
        "lat": 22.76,
        "slope_class": 4,
        "elevation_m": 508,
        "soil_moisture": 0.491,
        "dist_drainage_km": 2.28,
        "lithology_proxy": 0.671,
        "prior_landslide_density": 0.389,
        "ndvi_proxy": 0.499,
        "inhabited": true,
        "highway": false
      }
    },
    {
      "type": "Feature",
      "geometry": {
        "type": "Polygon",
        "coordinates": [
          [
            [
              92.62500000000001,
              22.785
            ],
            [
              92.69500000000001,
              22.785
            ],
            [
              92.69500000000001,
              22.855
            ],
            [
              92.62500000000001,
              22.855
            ],
            [
              92.62500000000001,
              22.785
            ]
          ]
        ]
      },
      "properties": {
        "id": "z-lunglei-11",
        "name": "Lunglei hills cell -1,-1",
        "corridor_id": "lunglei",
        "state": "Mizoram",
        "district": "Lunglei",
        "lon": 92.66,
        "lat": 22.82,
        "slope_class": 5,
        "elevation_m": 664,
        "soil_moisture": 0.551,
        "dist_drainage_km": 1.6,
        "lithology_proxy": 0.68,
        "prior_landslide_density": 0.575,
        "ndvi_proxy": 0.355,
        "inhabited": true,
        "highway": true
      }
    },
    {
      "type": "Feature",
      "geometry": {
        "type": "Polygon",
        "coordinates": [
          [
            [
              92.62500000000001,
              22.845
            ],
            [
              92.69500000000001,
              22.845
            ],
            [
              92.69500000000001,
              22.915
            ],
            [
              92.62500000000001,
              22.915
            ],
            [
              92.62500000000001,
              22.845
            ]
          ]
        ]
      },
      "properties": {
        "id": "z-lunglei-12",
        "name": "Lunglei hills cell -1,+0",
        "corridor_id": "lunglei",
        "state": "Mizoram",
        "district": "Lunglei",
        "lon": 92.66,
        "lat": 22.88,
        "slope_class": 4,
        "elevation_m": 728,
        "soil_moisture": 0.493,
        "dist_drainage_km": 1.19,
        "lithology_proxy": 0.733,
        "prior_landslide_density": 0.678,
        "ndvi_proxy": 0.62,
        "inhabited": true,
        "highway": true
      }
    },
    {
      "type": "Feature",
      "geometry": {
        "type": "Polygon",
        "coordinates": [
          [
            [
              92.62500000000001,
              22.904999999999998
            ],
            [
              92.69500000000001,
              22.904999999999998
            ],
            [
              92.69500000000001,
              22.974999999999998
            ],
            [
              92.62500000000001,
              22.974999999999998
            ],
            [
              92.62500000000001,
              22.904999999999998
            ]
          ]
        ]
      },
      "properties": {
        "id": "z-lunglei-13",
        "name": "Lunglei hills cell -1,+1",
        "corridor_id": "lunglei",
        "state": "Mizoram",
        "district": "Lunglei",
        "lon": 92.66,
        "lat": 22.94,
        "slope_class": 4,
        "elevation_m": 753,
        "soil_moisture": 0.569,
        "dist_drainage_km": 1.77,
        "lithology_proxy": 0.618,
        "prior_landslide_density": 0.623,
        "ndvi_proxy": 0.598,
        "inhabited": true,
        "highway": true
      }
    },
    {
      "type": "Feature",
      "geometry": {
        "type": "Polygon",
        "coordinates": [
          [
            [
              92.62500000000001,
              22.965
            ],
            [
              92.69500000000001,
              22.965
            ],
            [
              92.69500000000001,
              23.035
            ],
            [
              92.62500000000001,
              23.035
            ],
            [
              92.62500000000001,
              22.965
            ]
          ]
        ]
      },
      "properties": {
        "id": "z-lunglei-14",
        "name": "Lunglei hills cell -1,+2",
        "corridor_id": "lunglei",
        "state": "Mizoram",
        "district": "Lunglei",
        "lon": 92.66,
        "lat": 23.0,
        "slope_class": 4,
        "elevation_m": 924,
        "soil_moisture": 0.609,
        "dist_drainage_km": 2.14,
        "lithology_proxy": 0.586,
        "prior_landslide_density": 0.456,
        "ndvi_proxy": 0.734,
        "inhabited": true,
        "highway": false
      }
    },
    {
      "type": "Feature",
      "geometry": {
        "type": "Polygon",
        "coordinates": [
          [
            [
              92.69500000000001,
              22.724999999999998
            ],
            [
              92.765,
              22.724999999999998
            ],
            [
              92.765,
              22.794999999999998
            ],
            [
              92.69500000000001,
              22.794999999999998
            ],
            [
              92.69500000000001,
              22.724999999999998
            ]
          ]
        ]
      },
      "properties": {
        "id": "z-lunglei-20",
        "name": "Lunglei hills cell +0,-2",
        "corridor_id": "lunglei",
        "state": "Mizoram",
        "district": "Lunglei",
        "lon": 92.73,
        "lat": 22.76,
        "slope_class": 5,
        "elevation_m": 572,
        "soil_moisture": 0.655,
        "dist_drainage_km": 1.3,
        "lithology_proxy": 0.63,
        "prior_landslide_density": 0.478,
        "ndvi_proxy": 0.681,
        "inhabited": true,
        "highway": false
      }
    },
    {
      "type": "Feature",
      "geometry": {
        "type": "Polygon",
        "coordinates": [
          [
            [
              92.69500000000001,
              22.785
            ],
            [
              92.765,
              22.785
            ],
            [
              92.765,
              22.855
            ],
            [
              92.69500000000001,
              22.855
            ],
            [
              92.69500000000001,
              22.785
            ]
          ]
        ]
      },
      "properties": {
        "id": "z-lunglei-21",
        "name": "Lunglei hills cell +0,-1",
        "corridor_id": "lunglei",
        "state": "Mizoram",
        "district": "Lunglei",
        "lon": 92.73,
        "lat": 22.82,
        "slope_class": 3,
        "elevation_m": 663,
        "soil_moisture": 0.527,
        "dist_drainage_km": 1.0,
        "lithology_proxy": 0.576,
        "prior_landslide_density": 0.717,
        "ndvi_proxy": 0.512,
        "inhabited": true,
        "highway": true
      }
    },
    {
      "type": "Feature",
      "geometry": {
        "type": "Polygon",
        "coordinates": [
          [
            [
              92.69500000000001,
              22.845
            ],
            [
              92.765,
              22.845
            ],
            [
              92.765,
              22.915
            ],
            [
              92.69500000000001,
              22.915
            ],
            [
              92.69500000000001,
              22.845
            ]
          ]
        ]
      },
      "properties": {
        "id": "z-lunglei-22",
        "name": "Lunglei hills cell +0,+0",
        "corridor_id": "lunglei",
        "state": "Mizoram",
        "district": "Lunglei",
        "lon": 92.73,
        "lat": 22.88,
        "slope_class": 5,
        "elevation_m": 730,
        "soil_moisture": 0.646,
        "dist_drainage_km": 0.19,
        "lithology_proxy": 0.711,
        "prior_landslide_density": 0.943,
        "ndvi_proxy": 0.383,
        "inhabited": true,
        "highway": true
      }
    },
    {
      "type": "Feature",
      "geometry": {
        "type": "Polygon",
        "coordinates": [
          [
            [
              92.69500000000001,
              22.904999999999998
            ],
            [
              92.765,
              22.904999999999998
            ],
            [
              92.765,
              22.974999999999998
            ],
            [
              92.69500000000001,
              22.974999999999998
            ],
            [
              92.69500000000001,
              22.904999999999998
            ]
          ]
        ]
      },
      "properties": {
        "id": "z-lunglei-23",
        "name": "Lunglei hills cell +0,+1",
        "corridor_id": "lunglei",
        "state": "Mizoram",
        "district": "Lunglei",
        "lon": 92.73,
        "lat": 22.94,
        "slope_class": 5,
        "elevation_m": 822,
        "soil_moisture": 0.635,
        "dist_drainage_km": 0.91,
        "lithology_proxy": 0.742,
        "prior_landslide_density": 0.796,
        "ndvi_proxy": 0.388,
        "inhabited": true,
        "highway": true
      }
    },
    {
      "type": "Feature",
      "geometry": {
        "type": "Polygon",
        "coordinates": [
          [
            [
              92.69500000000001,
              22.965
            ],
            [
              92.765,
              22.965
            ],
            [
              92.765,
              23.035
            ],
            [
              92.69500000000001,
              23.035
            ],
            [
              92.69500000000001,
              22.965
            ]
          ]
        ]
      },
      "properties": {
        "id": "z-lunglei-24",
        "name": "Lunglei hills cell +0,+2",
        "corridor_id": "lunglei",
        "state": "Mizoram",
        "district": "Lunglei",
        "lon": 92.73,
        "lat": 23.0,
        "slope_class": 3,
        "elevation_m": 849,
        "soil_moisture": 0.56,
        "dist_drainage_km": 1.28,
        "lithology_proxy": 0.748,
        "prior_landslide_density": 0.558,
        "ndvi_proxy": 0.54,
        "inhabited": true,
        "highway": false
      }
    },
    {
      "type": "Feature",
      "geometry": {
        "type": "Polygon",
        "coordinates": [
          [
            [
              92.765,
              22.724999999999998
            ],
            [
              92.835,
              22.724999999999998
            ],
            [
              92.835,
              22.794999999999998
            ],
            [
              92.765,
              22.794999999999998
            ],
            [
              92.765,
              22.724999999999998
            ]
          ]
        ]
      },
      "properties": {
        "id": "z-lunglei-30",
        "name": "Lunglei hills cell +1,-2",
        "corridor_id": "lunglei",
        "state": "Mizoram",
        "district": "Lunglei",
        "lon": 92.8,
        "lat": 22.76,
        "slope_class": 3,
        "elevation_m": 618,
        "soil_moisture": 0.569,
        "dist_drainage_km": 2.03,
        "lithology_proxy": 0.75,
        "prior_landslide_density": 0.427,
        "ndvi_proxy": 0.575,
        "inhabited": true,
        "highway": false
      }
    },
    {
      "type": "Feature",
      "geometry": {
        "type": "Polygon",
        "coordinates": [
          [
            [
              92.765,
              22.785
            ],
            [
              92.835,
              22.785
            ],
            [
              92.835,
              22.855
            ],
            [
              92.765,
              22.855
            ],
            [
              92.765,
              22.785
            ]
          ]
        ]
      },
      "properties": {
        "id": "z-lunglei-31",
        "name": "Lunglei hills cell +1,-1",
        "corridor_id": "lunglei",
        "state": "Mizoram",
        "district": "Lunglei",
        "lon": 92.8,
        "lat": 22.82,
        "slope_class": 3,
        "elevation_m": 602,
        "soil_moisture": 0.477,
        "dist_drainage_km": 1.77,
        "lithology_proxy": 0.762,
        "prior_landslide_density": 0.631,
        "ndvi_proxy": 0.585,
        "inhabited": true,
        "highway": true
      }
    },
    {
      "type": "Feature",
      "geometry": {
        "type": "Polygon",
        "coordinates": [
          [
            [
              92.765,
              22.845
            ],
            [
              92.835,
              22.845
            ],
            [
              92.835,
              22.915
            ],
            [
              92.765,
              22.915
            ],
            [
              92.765,
              22.845
            ]
          ]
        ]
      },
      "properties": {
        "id": "z-lunglei-32",
        "name": "Lunglei hills cell +1,+0",
        "corridor_id": "lunglei",
        "state": "Mizoram",
        "district": "Lunglei",
        "lon": 92.8,
        "lat": 22.88,
        "slope_class": 5,
        "elevation_m": 778,
        "soil_moisture": 0.574,
        "dist_drainage_km": 0.83,
        "lithology_proxy": 0.618,
        "prior_landslide_density": 0.757,
        "ndvi_proxy": 0.684,
        "inhabited": true,
        "highway": true
      }
    },
    {
      "type": "Feature",
      "geometry": {
        "type": "Polygon",
        "coordinates": [
          [
            [
              92.765,
              22.904999999999998
            ],
            [
              92.835,
              22.904999999999998
            ],
            [
              92.835,
              22.974999999999998
            ],
            [
              92.765,
              22.974999999999998
            ],
            [
              92.765,
              22.904999999999998
            ]
          ]
        ]
      },
      "properties": {
        "id": "z-lunglei-33",
        "name": "Lunglei hills cell +1,+1",
        "corridor_id": "lunglei",
        "state": "Mizoram",
        "district": "Lunglei",
        "lon": 92.8,
        "lat": 22.94,
        "slope_class": 5,
        "elevation_m": 826,
        "soil_moisture": 0.6,
        "dist_drainage_km": 1.76,
        "lithology_proxy": 0.721,
        "prior_landslide_density": 0.688,
        "ndvi_proxy": 0.406,
        "inhabited": true,
        "highway": true
      }
    },
    {
      "type": "Feature",
      "geometry": {
        "type": "Polygon",
        "coordinates": [
          [
            [
              92.765,
              22.965
            ],
            [
              92.835,
              22.965
            ],
            [
              92.835,
              23.035
            ],
            [
              92.765,
              23.035
            ],
            [
              92.765,
              22.965
            ]
          ]
        ]
      },
      "properties": {
        "id": "z-lunglei-34",
        "name": "Lunglei hills cell +1,+2",
        "corridor_id": "lunglei",
        "state": "Mizoram",
        "district": "Lunglei",
        "lon": 92.8,
        "lat": 23.0,
        "slope_class": 3,
        "elevation_m": 884,
        "soil_moisture": 0.482,
        "dist_drainage_km": 2.3,
        "lithology_proxy": 0.59,
        "prior_landslide_density": 0.499,
        "ndvi_proxy": 0.443,
        "inhabited": true,
        "highway": false
      }
    },
    {
      "type": "Feature",
      "geometry": {
        "type": "Polygon",
        "coordinates": [
          [
            [
              92.83500000000001,
              22.724999999999998
            ],
            [
              92.905,
              22.724999999999998
            ],
            [
              92.905,
              22.794999999999998
            ],
            [
              92.83500000000001,
              22.794999999999998
            ],
            [
              92.83500000000001,
              22.724999999999998
            ]
          ]
        ]
      },
      "properties": {
        "id": "z-lunglei-40",
        "name": "Lunglei hills cell +2,-2",
        "corridor_id": "lunglei",
        "state": "Mizoram",
        "district": "Lunglei",
        "lon": 92.87,
        "lat": 22.76,
        "slope_class": 3,
        "elevation_m": 543,
        "soil_moisture": 0.522,
        "dist_drainage_km": 3.04,
        "lithology_proxy": 0.689,
        "prior_landslide_density": 0.265,
        "ndvi_proxy": 0.738,
        "inhabited": false,
        "highway": false
      }
    },
    {
      "type": "Feature",
      "geometry": {
        "type": "Polygon",
        "coordinates": [
          [
            [
              92.83500000000001,
              22.785
            ],
            [
              92.905,
              22.785
            ],
            [
              92.905,
              22.855
            ],
            [
              92.83500000000001,
              22.855
            ],
            [
              92.83500000000001,
              22.785
            ]
          ]
        ]
      },
      "properties": {
        "id": "z-lunglei-41",
        "name": "Lunglei hills cell +2,-1",
        "corridor_id": "lunglei",
        "state": "Mizoram",
        "district": "Lunglei",
        "lon": 92.87,
        "lat": 22.82,
        "slope_class": 4,
        "elevation_m": 583,
        "soil_moisture": 0.608,
        "dist_drainage_km": 2.45,
        "lithology_proxy": 0.66,
        "prior_landslide_density": 0.409,
        "ndvi_proxy": 0.441,
        "inhabited": true,
        "highway": false
      }
    },
    {
      "type": "Feature",
      "geometry": {
        "type": "Polygon",
        "coordinates": [
          [
            [
              92.83500000000001,
              22.845
            ],
            [
              92.905,
              22.845
            ],
            [
              92.905,
              22.915
            ],
            [
              92.83500000000001,
              22.915
            ],
            [
              92.83500000000001,
              22.845
            ]
          ]
        ]
      },
      "properties": {
        "id": "z-lunglei-42",
        "name": "Lunglei hills cell +2,+0",
        "corridor_id": "lunglei",
        "state": "Mizoram",
        "district": "Lunglei",
        "lon": 92.87,
        "lat": 22.88,
        "slope_class": 5,
        "elevation_m": 715,
        "soil_moisture": 0.638,
        "dist_drainage_km": 1.67,
        "lithology_proxy": 0.646,
        "prior_landslide_density": 0.478,
        "ndvi_proxy": 0.659,
        "inhabited": true,
        "highway": false
      }
    },
    {
      "type": "Feature",
      "geometry": {
        "type": "Polygon",
        "coordinates": [
          [
            [
              92.83500000000001,
              22.904999999999998
            ],
            [
              92.905,
              22.904999999999998
            ],
            [
              92.905,
              22.974999999999998
            ],
            [
              92.83500000000001,
              22.974999999999998
            ],
            [
              92.83500000000001,
              22.904999999999998
            ]
          ]
        ]
      },
      "properties": {
        "id": "z-lunglei-43",
        "name": "Lunglei hills cell +2,+1",
        "corridor_id": "lunglei",
        "state": "Mizoram",
        "district": "Lunglei",
        "lon": 92.87,
        "lat": 22.94,
        "slope_class": 4,
        "elevation_m": 842,
        "soil_moisture": 0.501,
        "dist_drainage_km": 2.3,
        "lithology_proxy": 0.624,
        "prior_landslide_density": 0.443,
        "ndvi_proxy": 0.502,
        "inhabited": true,
        "highway": false
      }
    },
    {
      "type": "Feature",
      "geometry": {
        "type": "Polygon",
        "coordinates": [
          [
            [
              92.83500000000001,
              22.965
            ],
            [
              92.905,
              22.965
            ],
            [
              92.905,
              23.035
            ],
            [
              92.83500000000001,
              23.035
            ],
            [
              92.83500000000001,
              22.965
            ]
          ]
        ]
      },
      "properties": {
        "id": "z-lunglei-44",
        "name": "Lunglei hills cell +2,+2",
        "corridor_id": "lunglei",
        "state": "Mizoram",
        "district": "Lunglei",
        "lon": 92.87,
        "lat": 23.0,
        "slope_class": 4,
        "elevation_m": 914,
        "soil_moisture": 0.544,
        "dist_drainage_km": 2.96,
        "lithology_proxy": 0.588,
        "prior_landslide_density": 0.319,
        "ndvi_proxy": 0.727,
        "inhabited": false,
        "highway": false
      }
    }
  ]
}